<?xml version="1.0" encoding="UTF-8"?>
<!--
 This is a WordPress eXtended RSS file generated by WordPress as an export of your site.
 It contains information about your site's posts, pages, comments, categories, and other content.
 You may use this file to transfer that content from one site to another.
 This file is not intended to serve as a complete backup of your site.

 To import this information into a WordPress site follow these steps:
 1. Log in to that site as an administrator.
 2. Go to Tools: Import in the WordPress admin panel.
 3. Install the "WordPress" importer from the list.
 4. Activate & Run Importer.
 5. Upload this file using the form provided on that page.
 6. You will first be asked to map the authors in this export file to users
    on the site. For each author, you may choose to map to an
    existing user on the site or to create a new user.
 7. WordPress will then import each of the posts, pages, comments, categories, etc.
    contained in this file into your site.
-->
<!-- generator="WordPress.com" created="2024-08-22 13:27"-->
<rss version="2.0" xmlns:excerpt="http://wordpress.org/export/1.2/excerpt/" xmlns:content="http://purl.org/rss/1.0/modules/content/" xmlns:wfw="http://wellformedweb.org/CommentAPI/" xmlns:dc="http://purl.org/dc/elements/1.1/" xmlns:wp="http://wordpress.org/export/1.2/">
  <channel>
<title>Emilia Elizalde</title>
<link>https://emiliaelizalde.wordpress.com</link>
<description>tecnólogos en marketing digital</description>
<pubDate>Thu, 22 Aug 2024 13:27:12 +0000</pubDate>
<language>es</language>
<wp:wxr_version>1.2</wp:wxr_version>
<wp:base_site_url>http://wordpress.com/</wp:base_site_url>
<wp:base_blog_url>https://emiliaelizalde.wordpress.com</wp:base_blog_url>
<wp:author>
  <wp:author_id>251073217</wp:author_id>
  <wp:author_login>elizaldeemilia89</wp:author_login>
  <wp:author_email>elizaldeemilia89@gmail.com</wp:author_email>
  <wp:author_display_name><![CDATA[Emilia Elizalde]]></wp:author_display_name>
  <wp:author_first_name><![CDATA[Emilia]]></wp:author_first_name>
  <wp:author_last_name><![CDATA[Elizalde]]></wp:author_last_name>
</wp:author>
<wp:category>
  <wp:term_id>1771</wp:term_id>
  <wp:category_nicename>sin-categoria</wp:category_nicename>
  <wp:category_parent/>
  <wp:cat_name><![CDATA[Sin categoría]]></wp:cat_name>
</wp:category>
<wp:term>
  <wp:term_id>121842</wp:term_id>
  <wp:term_taxonomy>nav_menu</wp:term_taxonomy>
  <wp:term_slug>menu-principal</wp:term_slug>
  <wp:term_name><![CDATA[Menú principal]]></wp:term_name>
</wp:term>
<generator>http://wordpress.com/</generator>
<image>
		<url>http://s0.wp.com/i/buttonw-com.png</url>
		<title>Emilia Elizalde</title>
		<link>https://emiliaelizalde.wordpress.com</link>
	</image>
	<item>
  <title><![CDATA[Sobre mi]]></title>
  <link>https://emiliaelizalde.wordpress.com/acerca-de/</link>
  <pubDate>Tue, 21 May 2024 14:50:10 +0000</pubDate>
  <dc:creator>elizaldeemilia89</dc:creator>
  <guid isPermaLink="false">http://emiliaelizalde.wordpress.com/?page_id=1</guid>
  <description/>
  <content:encoded><![CDATA[<!-- wp:paragraph -->
<p></p>
<!-- /wp:paragraph -->

<!-- wp:media-text {"mediaId":50,"mediaLink":"https://emiliaelizalde.wordpress.com/acerca-de/whatsapp-image-2024-06-10-at-10-55-47-2/","mediaType":"image","mediaWidth":26} -->
<div class="wp-block-media-text is-stacked-on-mobile" style="grid-template-columns:26% auto"><figure class="wp-block-media-text__media"><img src="https://emiliaelizalde.wordpress.com/wp-content/uploads/2024/06/whatsapp-image-2024-06-10-at-10.55.47-2.jpeg?w=720" alt="" class="wp-image-50 size-full" /></figure><div class="wp-block-media-text__content"><!-- wp:paragraph {"placeholder":"Contenido…"} -->
<p>La&nbsp;<strong>música</strong>&nbsp;puede darle nombre a lo innombrable y comunicar lo desconocido.</p>
<!-- /wp:paragraph --></div></div>
<!-- /wp:media-text -->

<!-- wp:table {"className":"is-style-regular"} -->
<figure class="wp-block-table is-style-regular"><table class="has-fixed-layout"><tbody><tr><td>Idioma </td><td>Nivel</td></tr><tr><td>Español</td><td>Nativo</td></tr><tr><td>Inglès</td><td>Básico</td></tr></tbody></table></figure>
<!-- /wp:table -->

<!-- wp:columns -->
<div class="wp-block-columns"><!-- wp:column -->
<div class="wp-block-column"><!-- wp:details -->
<details class="wp-block-details"><summary>Cursos</summary><!-- wp:list -->
<ul class="wp-block-list"><!-- wp:list-item -->
<li>Certificado en Marketing de contenidos 2023</li>
<!-- /wp:list-item -->

<!-- wp:list-item -->
<li>Certificado en Cloud Computing 2024</li>
<!-- /wp:list-item -->

<!-- wp:list-item -->
<li>Certificado en ingles B2</li>
<!-- /wp:list-item --></ul>
<!-- /wp:list --></details>
<!-- /wp:details --></div>
<!-- /wp:column -->

<!-- wp:column -->
<div class="wp-block-column"><!-- wp:details -->
<details class="wp-block-details"><summary>Conocimientos </summary><!-- wp:list -->
<ul class="wp-block-list"><!-- wp:list-item -->
<li>Conocimiento en creación de sitios web.</li>
<!-- /wp:list-item -->

<!-- wp:list-item -->
<li>Conocimiento en primeros auxilios.</li>
<!-- /wp:list-item -->

<!-- wp:list-item -->
<li>Conocimiento en edición de videos.</li>
<!-- /wp:list-item --></ul>
<!-- /wp:list --></details>
<!-- /wp:details --></div>
<!-- /wp:column -->

<!-- wp:column -->
<div class="wp-block-column"><!-- wp:details -->
<details class="wp-block-details"><summary>Habilidades</summary><!-- wp:list -->
<ul class="wp-block-list"><!-- wp:list-item -->
<li>Manejo de redes sociales.</li>
<!-- /wp:list-item -->

<!-- wp:list-item -->
<li>Manejo de photoshop.</li>
<!-- /wp:list-item -->

<!-- wp:list-item -->
<li>Trabajo en equipo.</li>
<!-- /wp:list-item --></ul>
<!-- /wp:list --></details>
<!-- /wp:details --></div>
<!-- /wp:column --></div>
<!-- /wp:columns -->

<!-- wp:columns -->
<div class="wp-block-columns"><!-- wp:column -->
<div class="wp-block-column"><!-- wp:details -->
<details class="wp-block-details"><summary>Educación</summary><!-- wp:details -->
<details class="wp-block-details"><summary>Experiencia Laboral</summary><!-- wp:list -->
<ul class="wp-block-list"><!-- wp:list-item -->
<li>Cuidado de pacientes geriátricos.</li>
<!-- /wp:list-item -->

<!-- wp:list-item -->
<li>Cuidado de pacientes a domicilio.</li>
<!-- /wp:list-item --></ul>
<!-- /wp:list --></details>
<!-- /wp:details -->

<!-- wp:list -->
<ul class="wp-block-list"><!-- wp:list-item -->
<li>Bachiller en Ciencias Sociales </li>
<!-- /wp:list-item -->

<!-- wp:list-item -->
<li>Auxiliar en enfermería </li>
<!-- /wp:list-item --></ul>
<!-- /wp:list --></details>
<!-- /wp:details --></div>
<!-- /wp:column -->

<!-- wp:column -->
<div class="wp-block-column"><!-- wp:details -->
<details class="wp-block-details"><summary>Referencias</summary><!-- wp:list -->
<ul class="wp-block-list"><!-- wp:list-item -->
<li>Diana Cáceres/ 0960340871</li>
<!-- /wp:list-item -->

<!-- wp:list-item -->
<li>Gloria Torres/ 0958976321</li>
<!-- /wp:list-item -->

<!-- wp:list-item -->
<li>Sebastian Rodríguez/ 0958988911  </li>
<!-- /wp:list-item --></ul>
<!-- /wp:list -->

<!-- wp:columns -->
<div class="wp-block-columns"><!-- wp:column -->
<div class="wp-block-column"></div>
<!-- /wp:column -->

<!-- wp:column -->
<div class="wp-block-column"></div>
<!-- /wp:column --></div>
<!-- /wp:columns --></details>
<!-- /wp:details --></div>
<!-- /wp:column --></div>
<!-- /wp:columns -->

<!-- wp:list -->
<ul class="wp-block-list"><!-- wp:list-item -->
<li></li>
<!-- /wp:list-item --></ul>
<!-- /wp:list -->

<!-- wp:paragraph -->
<p></p>
<!-- /wp:paragraph -->]]></content:encoded>
  <excerpt:encoded><![CDATA[]]></excerpt:encoded>
  <wp:post_id>1</wp:post_id>
  <wp:post_date>2024-05-21 14:50:10</wp:post_date>
  <wp:post_date_gmt>2024-05-21 14:50:10</wp:post_date_gmt>
  <wp:post_modified>2024-07-04 17:47:35</wp:post_modified>
  <wp:post_modified_gmt>2024-07-04 22:47:35</wp:post_modified_gmt>
  <wp:comment_status>closed</wp:comment_status>
  <wp:ping_status>open</wp:ping_status>
  <wp:post_name>acerca-de</wp:post_name>
  <wp:status>publish</wp:status>
  <wp:post_parent>0</wp:post_parent>
  <wp:menu_order>0</wp:menu_order>
  <wp:post_type>page</wp:post_type>
  <wp:post_password/>
  <wp:is_sticky>0</wp:is_sticky>
  <wp:postmeta>
    <wp:meta_key>_wp_page_template</wp:meta_key>
    <wp:meta_value><![CDATA[default]]></wp:meta_value>
  </wp:postmeta>
  <wp:postmeta>
    <wp:meta_key>_last_editor_used_jetpack</wp:meta_key>
    <wp:meta_value><![CDATA[block-editor]]></wp:meta_value>
  </wp:postmeta>
</item>
<item>
  <title><![CDATA[¡Hola mundo!]]></title>
  <link>https://emiliaelizalde.wordpress.com/2024/05/21/hello-world/</link>
  <pubDate>Tue, 21 May 2024 14:45:11 +0000</pubDate>
  <dc:creator>elizaldeemilia89</dc:creator>
  <guid isPermaLink="false">https://emiliaelizalde.wordpress.com/2024/05/21/hello-world/</guid>
  <description/>
  <content:encoded><![CDATA[<!-- wp:paragraph -->
<p>Bienvenido a WordPress Esta es tu primera entrada. Empieza tu andadura en el mundo bloguero editándola o borrándola.</p>
<!-- /wp:paragraph -->]]></content:encoded>
  <excerpt:encoded><![CDATA[]]></excerpt:encoded>
  <wp:post_id>2</wp:post_id>
  <wp:post_date>2024-05-21 14:45:11</wp:post_date>
  <wp:post_date_gmt>2024-05-21 14:45:11</wp:post_date_gmt>
  <wp:post_modified>2024-05-21 14:45:11</wp:post_modified>
  <wp:post_modified_gmt>2024-05-21 14:45:11</wp:post_modified_gmt>
  <wp:comment_status>open</wp:comment_status>
  <wp:ping_status>open</wp:ping_status>
  <wp:post_name>hello-world</wp:post_name>
  <wp:status>publish</wp:status>
  <wp:post_parent>0</wp:post_parent>
  <wp:menu_order>0</wp:menu_order>
  <wp:post_type>post</wp:post_type>
  <wp:post_password/>
  <wp:is_sticky>0</wp:is_sticky>
  <category domain="category" nicename="sin-categoria"><![CDATA[Sin categoría]]></category>
  <wp:postmeta>
    <wp:meta_key>_headstart_post</wp:meta_key>
    <wp:meta_value><![CDATA[_hs_extra]]></wp:meta_value>
  </wp:postmeta>
  <wp:postmeta>
    <wp:meta_key>sharing_disabled</wp:meta_key>
    <wp:meta_value><![CDATA[a:1:{i:0;N;}]]></wp:meta_value>
  </wp:postmeta>
  <wp:postmeta>
    <wp:meta_key>switch_like_status</wp:meta_key>
    <wp:meta_value><![CDATA[a:1:{i:0;N;}]]></wp:meta_value>
  </wp:postmeta>
  <wp:postmeta>
    <wp:meta_key>_starter_page_template</wp:meta_key>
    <wp:meta_value><![CDATA[]]></wp:meta_value>
  </wp:postmeta>
  <wp:postmeta>
    <wp:meta_key>_hs_old_id</wp:meta_key>
    <wp:meta_value><![CDATA[4]]></wp:meta_value>
  </wp:postmeta>
  <wp:postmeta>
    <wp:meta_key>_wpas_skip_all_services</wp:meta_key>
    <wp:meta_value><![CDATA[1]]></wp:meta_value>
  </wp:postmeta>
  <wp:postmeta>
    <wp:meta_key>_publicize_pending</wp:meta_key>
    <wp:meta_value><![CDATA[1]]></wp:meta_value>
  </wp:postmeta>
</item>
<item>
  <title><![CDATA[Custom Styles]]></title>
  <link>https://emiliaelizalde.wordpress.com/2024/05/28/wp-global-styles-pub%2ftwentytwentyfour/</link>
  <pubDate>Tue, 28 May 2024 13:25:53 +0000</pubDate>
  <dc:creator>elizaldeemilia89</dc:creator>
  <guid isPermaLink="false">https://emiliaelizalde.wordpress.com/2024/05/28/wp-global-styles-pub%2ftwentytwentyfour/</guid>
  <description/>
  <content:encoded><![CDATA[{"version":3,"isGlobalStylesUserThemeJSON":true}]]></content:encoded>
  <excerpt:encoded><![CDATA[]]></excerpt:encoded>
  <wp:post_id>3</wp:post_id>
  <wp:post_date>2024-05-28 08:25:53</wp:post_date>
  <wp:post_date_gmt>2024-05-28 13:25:53</wp:post_date_gmt>
  <wp:post_modified>2024-05-28 08:25:53</wp:post_modified>
  <wp:post_modified_gmt>2024-05-28 13:25:53</wp:post_modified_gmt>
  <wp:comment_status>closed</wp:comment_status>
  <wp:ping_status>closed</wp:ping_status>
  <wp:post_name>wp-global-styles-pub%2ftwentytwentyfour</wp:post_name>
  <wp:status>publish</wp:status>
  <wp:post_parent>0</wp:post_parent>
  <wp:menu_order>0</wp:menu_order>
  <wp:post_type>wp_global_styles</wp:post_type>
  <wp:post_password/>
  <wp:is_sticky>0</wp:is_sticky>
  <category domain="wp_theme" nicename="twentytwentyfour"><![CDATA[twentytwentyfour]]></category>
  <wp:postmeta>
    <wp:meta_key>_publicize_pending</wp:meta_key>
    <wp:meta_value><![CDATA[1]]></wp:meta_value>
  </wp:postmeta>
</item>
<item>
  <title><![CDATA[Inicio]]></title>
  <link>https://emiliaelizalde.wordpress.com/</link>
  <pubDate>Tue, 28 May 2024 13:26:32 +0000</pubDate>
  <dc:creator>elizaldeemilia89</dc:creator>
  <guid isPermaLink="false">https://emiliaelizalde.wordpress.com/?page_id=4</guid>
  <description/>
  <content:encoded><![CDATA[<!-- wp:group {"metadata":{"name":"Header","categories":["header"],"patternName":"a8c/header-logo-with-menu-and-button-right"},"align":"full","style":{"spacing":{"padding":{"top":"var:preset|spacing|30","bottom":"var:preset|spacing|30","left":"var(\u002d\u002dwp\u002d\u002dstyle\u002d\u002droot\u002d\u002dpadding-left, var(\u002d\u002dwp\u002d\u002dcustom\u002d\u002dgap\u002d\u002dhorizontal))","right":"var(\u002d\u002dwp\u002d\u002dstyle\u002d\u002droot\u002d\u002dpadding-right, var(\u002d\u002dwp\u002d\u002dcustom\u002d\u002dgap\u002d\u002dhorizontal))"},"margin":{"top":"0","bottom":"0"}}},"layout":{"type":"constrained","justifyContent":"center"}} -->
<div class="wp-block-group alignfull" style="margin-top:0;margin-bottom:0;padding-top:var(--wp--preset--spacing--30);padding-right:var(--wp--style--root--padding-right, var(--wp--custom--gap--horizontal));padding-bottom:var(--wp--preset--spacing--30);padding-left:var(--wp--style--root--padding-left, var(--wp--custom--gap--horizontal))"><!-- wp:group {"tagName":"header","metadata":{"name":"Contents"},"align":"wide","style":{"spacing":{"margin":{"top":"0","bottom":"0"}}},"layout":{"type":"flex","flexWrap":"nowrap","justifyContent":"space-between"}} -->
<header class="wp-block-group alignwide" style="margin-top:0;margin-bottom:0"><!-- wp:group {"style":{"spacing":{"blockGap":"var:preset|spacing|20"}},"layout":{"type":"flex","flexWrap":"nowrap"}} -->
<div class="wp-block-group"><!-- wp:group {"layout":{"type":"flex","flexWrap":"nowrap"}} -->
<div class="wp-block-group"><!-- wp:site-title /--></div>
<!-- /wp:group --></div>
<!-- /wp:group -->

<!-- wp:group {"layout":{"type":"flex","flexWrap":"nowrap"}} -->
<div class="wp-block-group"><!-- wp:navigation {"ref":66,"className":"order-1 md:order-0"} /--></div>
<!-- /wp:group --></header>
<!-- /wp:group --></div>
<!-- /wp:group -->

<!-- wp:media-text {"align":"full","mediaId":42,"mediaLink":"https://emiliaelizalde.wordpress.com/inicio/f61e2b21d1-1/","mediaType":"image","imageFill":true} -->
<div class="wp-block-media-text alignfull is-stacked-on-mobile is-image-fill"><figure class="wp-block-media-text__media" style="background-image:url(https://emiliaelizalde.wordpress.com/wp-content/uploads/2024/06/f61e2b21d1-1.jpg?w=1024);background-position:50% 50%"><img src="https://emiliaelizalde.wordpress.com/wp-content/uploads/2024/06/f61e2b21d1-1.jpg?w=1024" alt="" class="wp-image-42 size-full" /></figure><div class="wp-block-media-text__content"><!-- wp:cover {"overlayColor":"background","isUserOverlayColor":true,"minHeight":95,"minHeightUnit":"vh","className":"is-light"} -->
<div class="wp-block-cover is-light" style="min-height:95vh"><span aria-hidden="true" class="wp-block-cover__background has-background-background-color has-background-dim-100 has-background-dim"></span><div class="wp-block-cover__inner-container"><!-- wp:image {"id":40,"width":200,"height":200,"sizeSlug":"large","linkDestination":"none","metadata":{"name":"Maria Emilia Elizalde Càceres"},"align":"center","className":"is-style-rounded"} -->
<figure class="wp-block-image aligncenter size-large is-resized is-style-rounded"><img src="https://emiliaelizalde.wordpress.com/wp-content/uploads/2024/06/whatsapp-image-2024-06-10-at-10.55.47-1.jpeg?w=720" alt="" class="wp-image-40" style="width:200px;height:200px" /></figure>
<!-- /wp:image -->

<!-- wp:heading {"textAlign":"center","level":1,"style":{"elements":{"link":{"color":{"text":"var:preset|color|primary"}}}},"textColor":"primary"} -->
<h1 class="wp-block-heading has-text-align-center has-primary-color has-text-color has-link-color">Emilia Elizalde</h1>
<!-- /wp:heading -->

<!-- wp:paragraph {"align":"center","backgroundColor":"foreground"} -->
<p class="has-text-align-center has-foreground-background-color has-background">¡Hola! Soy Emilia Elizalde estudiante de Marketing Digital, mi pasión es escuchar música, aprender cada día cosas nuevas, amo el cuidado personal y el amor propio que me dedico cada día. </p>
<!-- /wp:paragraph -->

<!-- wp:social-links {"align":"center","className":"is-style-default"} -->
<ul class="wp-block-social-links aligncenter is-style-default"><!-- wp:social-link {"url":"https://www.linkedin.com/public-profile/settings?trk=d_flagship3_profile_self_view_public_profile","service":"linkedin"} /-->

<!-- wp:social-link {"url":"https://emipasteles.blogspot.com/","service":"chain"} /--></ul>
<!-- /wp:social-links -->

<!-- wp:jetpack/contact-form -->
<div class="wp-block-jetpack-contact-form"><!-- wp:jetpack/button {"element":"button","text":"Enviar","textColor":"primary","lock":{"remove":true}} /--></div>
<!-- /wp:jetpack/contact-form --></div></div>
<!-- /wp:cover --></div></div>
<!-- /wp:media-text -->

<!-- wp:paragraph -->
<p></p>
<!-- /wp:paragraph -->]]></content:encoded>
  <excerpt:encoded><![CDATA[]]></excerpt:encoded>
  <wp:post_id>4</wp:post_id>
  <wp:post_date>2024-05-28 08:26:32</wp:post_date>
  <wp:post_date_gmt>2024-05-28 13:26:32</wp:post_date_gmt>
  <wp:post_modified>2024-06-17 08:43:40</wp:post_modified>
  <wp:post_modified_gmt>2024-06-17 13:43:40</wp:post_modified_gmt>
  <wp:comment_status>closed</wp:comment_status>
  <wp:ping_status>closed</wp:ping_status>
  <wp:post_name>inicio</wp:post_name>
  <wp:status>publish</wp:status>
  <wp:post_parent>0</wp:post_parent>
  <wp:menu_order>0</wp:menu_order>
  <wp:post_type>page</wp:post_type>
  <wp:post_password/>
  <wp:is_sticky>0</wp:is_sticky>
  <wp:postmeta>
    <wp:meta_key>_tft_homepage_template</wp:meta_key>
    <wp:meta_value><![CDATA[pub/baker]]></wp:meta_value>
  </wp:postmeta>
  <wp:postmeta>
    <wp:meta_key>_publicize_pending</wp:meta_key>
    <wp:meta_value><![CDATA[1]]></wp:meta_value>
  </wp:postmeta>
  <wp:postmeta>
    <wp:meta_key>_last_editor_used_jetpack</wp:meta_key>
    <wp:meta_value><![CDATA[block-editor]]></wp:meta_value>
  </wp:postmeta>
  <wp:postmeta>
    <wp:meta_key>_g_feedback_shortcode_1a6146c8b2b6ef7e9eb6ad30f3c58e05f6bb4b9a</wp:meta_key>
    <wp:meta_value><![CDATA[
				[contact-field label="Nombre" type="name"  required="true" /]
				[contact-field label="Correo electrónico" type="email" required="true" /]
				[contact-field label="Web" type="url" /]
				[contact-field label="Mensaje" type="textarea" /]]]></wp:meta_value>
  </wp:postmeta>
  <wp:postmeta>
    <wp:meta_key>_g_feedback_shortcode_atts_1a6146c8b2b6ef7e9eb6ad30f3c58e05f6bb4b9a</wp:meta_key>
    <wp:meta_value><![CDATA[a:17:{s:2:"to";s:26:"elizaldeemilia89@gmail.com";s:7:"subject";s:24:"[Emilia Elizalde] Inicio";s:12:"show_subject";s:2:"no";s:6:"widget";i:0;s:14:"block_template";N;s:19:"block_template_part";N;s:2:"id";i:4;s:18:"submit_button_text";s:6:"Enviar";s:14:"customThankyou";s:0:"";s:21:"customThankyouHeading";s:24:"Se ha enviado tu mensaje";s:21:"customThankyouMessage";s:24:"¡Gracias por tu envío!";s:22:"customThankyouRedirect";s:0:"";s:10:"jetpackCRM";b:1;s:9:"className";N;s:9:"postToUrl";N;s:14:"salesforceData";N;s:12:"hiddenFields";N;}]]></wp:meta_value>
  </wp:postmeta>
</item>
<item>
  <title><![CDATA[Blog]]></title>
  <link>https://emiliaelizalde.wordpress.com/blog/</link>
  <pubDate>Tue, 28 May 2024 13:26:33 +0000</pubDate>
  <dc:creator>elizaldeemilia89</dc:creator>
  <guid isPermaLink="false">https://emiliaelizalde.wordpress.com/blog/</guid>
  <description/>
  <content:encoded><![CDATA[]]></content:encoded>
  <excerpt:encoded><![CDATA[]]></excerpt:encoded>
  <wp:post_id>6</wp:post_id>
  <wp:post_date>2024-05-28 08:26:33</wp:post_date>
  <wp:post_date_gmt>2024-05-28 13:26:33</wp:post_date_gmt>
  <wp:post_modified>2024-05-28 08:26:33</wp:post_modified>
  <wp:post_modified_gmt>2024-05-28 13:26:33</wp:post_modified_gmt>
  <wp:comment_status>closed</wp:comment_status>
  <wp:ping_status>closed</wp:ping_status>
  <wp:post_name>blog</wp:post_name>
  <wp:status>publish</wp:status>
  <wp:post_parent>0</wp:post_parent>
  <wp:menu_order>0</wp:menu_order>
  <wp:post_type>page</wp:post_type>
  <wp:post_password/>
  <wp:is_sticky>0</wp:is_sticky>
  <wp:postmeta>
    <wp:meta_key>_tft_posts_page</wp:meta_key>
    <wp:meta_value><![CDATA[1]]></wp:meta_value>
  </wp:postmeta>
  <wp:postmeta>
    <wp:meta_key>_publicize_pending</wp:meta_key>
    <wp:meta_value><![CDATA[1]]></wp:meta_value>
  </wp:postmeta>
</item>
<item>
  <title><![CDATA[Linkedln]]></title>
  <link>https://emiliaelizalde.wordpress.com/2024/08/22/linkedln/</link>
  <pubDate>Tue, 28 May 2024 14:48:09 +0000</pubDate>
  <dc:creator>elizaldeemilia89</dc:creator>
  <guid isPermaLink="false">https://emiliaelizalde.wordpress.com/2024/05/28/linkedln/</guid>
  <description/>
  <content:encoded><![CDATA[]]></content:encoded>
  <excerpt:encoded><![CDATA[]]></excerpt:encoded>
  <wp:post_id>9</wp:post_id>
  <wp:post_date>2024-08-22 08:22:05</wp:post_date>
  <wp:post_date_gmt>2024-05-28 14:48:09</wp:post_date_gmt>
  <wp:post_modified>2024-08-22 08:22:05</wp:post_modified>
  <wp:post_modified_gmt>2024-08-22 13:22:05</wp:post_modified_gmt>
  <wp:comment_status>closed</wp:comment_status>
  <wp:ping_status>closed</wp:ping_status>
  <wp:post_name>linkedln</wp:post_name>
  <wp:status>publish</wp:status>
  <wp:post_parent>0</wp:post_parent>
  <wp:menu_order>4</wp:menu_order>
  <wp:post_type>nav_menu_item</wp:post_type>
  <wp:post_password/>
  <wp:is_sticky>0</wp:is_sticky>
  <category domain="nav_menu" nicename="menu-principal"><![CDATA[Menú principal]]></category>
  <wp:postmeta>
    <wp:meta_key>_publicize_pending</wp:meta_key>
    <wp:meta_value><![CDATA[1]]></wp:meta_value>
  </wp:postmeta>
  <wp:postmeta>
    <wp:meta_key>_menu_item_type</wp:meta_key>
    <wp:meta_value><![CDATA[custom]]></wp:meta_value>
  </wp:postmeta>
  <wp:postmeta>
    <wp:meta_key>_menu_item_menu_item_parent</wp:meta_key>
    <wp:meta_value><![CDATA[0]]></wp:meta_value>
  </wp:postmeta>
  <wp:postmeta>
    <wp:meta_key>_menu_item_object_id</wp:meta_key>
    <wp:meta_value><![CDATA[9]]></wp:meta_value>
  </wp:postmeta>
  <wp:postmeta>
    <wp:meta_key>_menu_item_object</wp:meta_key>
    <wp:meta_value><![CDATA[custom]]></wp:meta_value>
  </wp:postmeta>
  <wp:postmeta>
    <wp:meta_key>_menu_item_target</wp:meta_key>
    <wp:meta_value><![CDATA[]]></wp:meta_value>
  </wp:postmeta>
  <wp:postmeta>
    <wp:meta_key>_menu_item_classes</wp:meta_key>
    <wp:meta_value><![CDATA[a:1:{i:0;s:0:"";}]]></wp:meta_value>
  </wp:postmeta>
  <wp:postmeta>
    <wp:meta_key>_menu_item_xfn</wp:meta_key>
    <wp:meta_value><![CDATA[]]></wp:meta_value>
  </wp:postmeta>
  <wp:postmeta>
    <wp:meta_key>_menu_item_url</wp:meta_key>
    <wp:meta_value><![CDATA[https://www.linkedin.com/public-profile/settings?trk=d_flagship3_profile_self_view_public_profile]]></wp:meta_value>
  </wp:postmeta>
  <wp:postmeta>
    <wp:meta_key>_menu_item_content</wp:meta_key>
    <wp:meta_value><![CDATA[]]></wp:meta_value>
  </wp:postmeta>
  <wp:postmeta>
    <wp:meta_key>_wp_old_date</wp:meta_key>
    <wp:meta_value><![CDATA[2024-05-28]]></wp:meta_value>
  </wp:postmeta>
  <wp:postmeta>
    <wp:meta_key>_wp_old_date</wp:meta_key>
    <wp:meta_value><![CDATA[2024-06-10]]></wp:meta_value>
  </wp:postmeta>
  <wp:postmeta>
    <wp:meta_key>_wp_old_date</wp:meta_key>
    <wp:meta_value><![CDATA[2024-06-11]]></wp:meta_value>
  </wp:postmeta>
</item>
<item>
  <title><![CDATA[Curriculum Vitae]]></title>
  <link>https://emiliaelizalde.wordpress.com/2024/08/22/curriculum-vitae/</link>
  <pubDate>Tue, 28 May 2024 14:48:10 +0000</pubDate>
  <dc:creator>elizaldeemilia89</dc:creator>
  <guid isPermaLink="false">https://emiliaelizalde.wordpress.com/2024/05/28/curriculum-vitae/</guid>
  <description/>
  <content:encoded><![CDATA[]]></content:encoded>
  <excerpt:encoded><![CDATA[]]></excerpt:encoded>
  <wp:post_id>10</wp:post_id>
  <wp:post_date>2024-08-22 08:22:05</wp:post_date>
  <wp:post_date_gmt>2024-05-28 14:48:10</wp:post_date_gmt>
  <wp:post_modified>2024-08-22 08:22:05</wp:post_modified>
  <wp:post_modified_gmt>2024-08-22 13:22:05</wp:post_modified_gmt>
  <wp:comment_status>closed</wp:comment_status>
  <wp:ping_status>closed</wp:ping_status>
  <wp:post_name>curriculum-vitae</wp:post_name>
  <wp:status>publish</wp:status>
  <wp:post_parent>0</wp:post_parent>
  <wp:menu_order>3</wp:menu_order>
  <wp:post_type>nav_menu_item</wp:post_type>
  <wp:post_password/>
  <wp:is_sticky>0</wp:is_sticky>
  <category domain="nav_menu" nicename="menu-principal"><![CDATA[Menú principal]]></category>
  <wp:postmeta>
    <wp:meta_key>_publicize_pending</wp:meta_key>
    <wp:meta_value><![CDATA[1]]></wp:meta_value>
  </wp:postmeta>
  <wp:postmeta>
    <wp:meta_key>_menu_item_type</wp:meta_key>
    <wp:meta_value><![CDATA[custom]]></wp:meta_value>
  </wp:postmeta>
  <wp:postmeta>
    <wp:meta_key>_menu_item_menu_item_parent</wp:meta_key>
    <wp:meta_value><![CDATA[0]]></wp:meta_value>
  </wp:postmeta>
  <wp:postmeta>
    <wp:meta_key>_menu_item_object_id</wp:meta_key>
    <wp:meta_value><![CDATA[10]]></wp:meta_value>
  </wp:postmeta>
  <wp:postmeta>
    <wp:meta_key>_menu_item_object</wp:meta_key>
    <wp:meta_value><![CDATA[custom]]></wp:meta_value>
  </wp:postmeta>
  <wp:postmeta>
    <wp:meta_key>_menu_item_target</wp:meta_key>
    <wp:meta_value><![CDATA[]]></wp:meta_value>
  </wp:postmeta>
  <wp:postmeta>
    <wp:meta_key>_menu_item_classes</wp:meta_key>
    <wp:meta_value><![CDATA[a:1:{i:0;s:0:"";}]]></wp:meta_value>
  </wp:postmeta>
  <wp:postmeta>
    <wp:meta_key>_menu_item_xfn</wp:meta_key>
    <wp:meta_value><![CDATA[]]></wp:meta_value>
  </wp:postmeta>
  <wp:postmeta>
    <wp:meta_key>_menu_item_url</wp:meta_key>
    <wp:meta_value><![CDATA[https://github.com/Emilia516/Curriculum-2/blob/main/CV-Emilia%20Elizalde%202024.pdf]]></wp:meta_value>
  </wp:postmeta>
  <wp:postmeta>
    <wp:meta_key>_menu_item_content</wp:meta_key>
    <wp:meta_value><![CDATA[]]></wp:meta_value>
  </wp:postmeta>
  <wp:postmeta>
    <wp:meta_key>_wp_old_date</wp:meta_key>
    <wp:meta_value><![CDATA[2024-05-28]]></wp:meta_value>
  </wp:postmeta>
  <wp:postmeta>
    <wp:meta_key>_wp_old_date</wp:meta_key>
    <wp:meta_value><![CDATA[2024-06-10]]></wp:meta_value>
  </wp:postmeta>
  <wp:postmeta>
    <wp:meta_key>_wp_old_date</wp:meta_key>
    <wp:meta_value><![CDATA[2024-06-11]]></wp:meta_value>
  </wp:postmeta>
</item>
<item>
  <title><![CDATA[Contacto]]></title>
  <link>https://emiliaelizalde.wordpress.com/2024/08/22/contacto/</link>
  <pubDate>Tue, 28 May 2024 14:48:12 +0000</pubDate>
  <dc:creator>elizaldeemilia89</dc:creator>
  <guid isPermaLink="false">https://emiliaelizalde.wordpress.com/2024/05/28/contacto/</guid>
  <description/>
  <content:encoded><![CDATA[]]></content:encoded>
  <excerpt:encoded><![CDATA[]]></excerpt:encoded>
  <wp:post_id>11</wp:post_id>
  <wp:post_date>2024-08-22 08:22:05</wp:post_date>
  <wp:post_date_gmt>2024-05-28 14:48:12</wp:post_date_gmt>
  <wp:post_modified>2024-08-22 08:22:05</wp:post_modified>
  <wp:post_modified_gmt>2024-08-22 13:22:05</wp:post_modified_gmt>
  <wp:comment_status>closed</wp:comment_status>
  <wp:ping_status>closed</wp:ping_status>
  <wp:post_name>contacto</wp:post_name>
  <wp:status>publish</wp:status>
  <wp:post_parent>0</wp:post_parent>
  <wp:menu_order>6</wp:menu_order>
  <wp:post_type>nav_menu_item</wp:post_type>
  <wp:post_password/>
  <wp:is_sticky>0</wp:is_sticky>
  <category domain="nav_menu" nicename="menu-principal"><![CDATA[Menú principal]]></category>
  <wp:postmeta>
    <wp:meta_key>_publicize_pending</wp:meta_key>
    <wp:meta_value><![CDATA[1]]></wp:meta_value>
  </wp:postmeta>
  <wp:postmeta>
    <wp:meta_key>_menu_item_type</wp:meta_key>
    <wp:meta_value><![CDATA[custom]]></wp:meta_value>
  </wp:postmeta>
  <wp:postmeta>
    <wp:meta_key>_menu_item_menu_item_parent</wp:meta_key>
    <wp:meta_value><![CDATA[0]]></wp:meta_value>
  </wp:postmeta>
  <wp:postmeta>
    <wp:meta_key>_menu_item_object_id</wp:meta_key>
    <wp:meta_value><![CDATA[11]]></wp:meta_value>
  </wp:postmeta>
  <wp:postmeta>
    <wp:meta_key>_menu_item_object</wp:meta_key>
    <wp:meta_value><![CDATA[custom]]></wp:meta_value>
  </wp:postmeta>
  <wp:postmeta>
    <wp:meta_key>_menu_item_target</wp:meta_key>
    <wp:meta_value><![CDATA[]]></wp:meta_value>
  </wp:postmeta>
  <wp:postmeta>
    <wp:meta_key>_menu_item_classes</wp:meta_key>
    <wp:meta_value><![CDATA[a:1:{i:0;s:0:"";}]]></wp:meta_value>
  </wp:postmeta>
  <wp:postmeta>
    <wp:meta_key>_menu_item_xfn</wp:meta_key>
    <wp:meta_value><![CDATA[]]></wp:meta_value>
  </wp:postmeta>
  <wp:postmeta>
    <wp:meta_key>_menu_item_url</wp:meta_key>
    <wp:meta_value><![CDATA[#]]></wp:meta_value>
  </wp:postmeta>
  <wp:postmeta>
    <wp:meta_key>_menu_item_content</wp:meta_key>
    <wp:meta_value><![CDATA[]]></wp:meta_value>
  </wp:postmeta>
  <wp:postmeta>
    <wp:meta_key>_wp_old_date</wp:meta_key>
    <wp:meta_value><![CDATA[2024-05-28]]></wp:meta_value>
  </wp:postmeta>
  <wp:postmeta>
    <wp:meta_key>_wp_old_date</wp:meta_key>
    <wp:meta_value><![CDATA[2024-06-10]]></wp:meta_value>
  </wp:postmeta>
  <wp:postmeta>
    <wp:meta_key>_wp_old_date</wp:meta_key>
    <wp:meta_value><![CDATA[2024-06-11]]></wp:meta_value>
  </wp:postmeta>
</item>
<item>
  <title><![CDATA[Sobre mi]]></title>
  <link>https://emiliaelizalde.wordpress.com/2024/08/22/sobre-mi/</link>
  <pubDate>Tue, 28 May 2024 14:48:13 +0000</pubDate>
  <dc:creator>elizaldeemilia89</dc:creator>
  <guid isPermaLink="false">https://emiliaelizalde.wordpress.com/2024/05/28/sobre-mi/</guid>
  <description/>
  <content:encoded><![CDATA[]]></content:encoded>
  <excerpt:encoded><![CDATA[]]></excerpt:encoded>
  <wp:post_id>12</wp:post_id>
  <wp:post_date>2024-08-22 08:22:05</wp:post_date>
  <wp:post_date_gmt>2024-05-28 14:48:13</wp:post_date_gmt>
  <wp:post_modified>2024-08-22 08:22:05</wp:post_modified>
  <wp:post_modified_gmt>2024-08-22 13:22:05</wp:post_modified_gmt>
  <wp:comment_status>closed</wp:comment_status>
  <wp:ping_status>closed</wp:ping_status>
  <wp:post_name>sobre-mi</wp:post_name>
  <wp:status>publish</wp:status>
  <wp:post_parent>0</wp:post_parent>
  <wp:menu_order>2</wp:menu_order>
  <wp:post_type>nav_menu_item</wp:post_type>
  <wp:post_password/>
  <wp:is_sticky>0</wp:is_sticky>
  <category domain="nav_menu" nicename="menu-principal"><![CDATA[Menú principal]]></category>
  <wp:postmeta>
    <wp:meta_key>_publicize_pending</wp:meta_key>
    <wp:meta_value><![CDATA[1]]></wp:meta_value>
  </wp:postmeta>
  <wp:postmeta>
    <wp:meta_key>_menu_item_type</wp:meta_key>
    <wp:meta_value><![CDATA[custom]]></wp:meta_value>
  </wp:postmeta>
  <wp:postmeta>
    <wp:meta_key>_menu_item_menu_item_parent</wp:meta_key>
    <wp:meta_value><![CDATA[0]]></wp:meta_value>
  </wp:postmeta>
  <wp:postmeta>
    <wp:meta_key>_menu_item_object_id</wp:meta_key>
    <wp:meta_value><![CDATA[12]]></wp:meta_value>
  </wp:postmeta>
  <wp:postmeta>
    <wp:meta_key>_menu_item_object</wp:meta_key>
    <wp:meta_value><![CDATA[custom]]></wp:meta_value>
  </wp:postmeta>
  <wp:postmeta>
    <wp:meta_key>_menu_item_target</wp:meta_key>
    <wp:meta_value><![CDATA[]]></wp:meta_value>
  </wp:postmeta>
  <wp:postmeta>
    <wp:meta_key>_menu_item_classes</wp:meta_key>
    <wp:meta_value><![CDATA[a:1:{i:0;s:0:"";}]]></wp:meta_value>
  </wp:postmeta>
  <wp:postmeta>
    <wp:meta_key>_menu_item_xfn</wp:meta_key>
    <wp:meta_value><![CDATA[]]></wp:meta_value>
  </wp:postmeta>
  <wp:postmeta>
    <wp:meta_key>_menu_item_url</wp:meta_key>
    <wp:meta_value><![CDATA[#]]></wp:meta_value>
  </wp:postmeta>
  <wp:postmeta>
    <wp:meta_key>_menu_item_content</wp:meta_key>
    <wp:meta_value><![CDATA[]]></wp:meta_value>
  </wp:postmeta>
  <wp:postmeta>
    <wp:meta_key>_wp_old_date</wp:meta_key>
    <wp:meta_value><![CDATA[2024-05-28]]></wp:meta_value>
  </wp:postmeta>
  <wp:postmeta>
    <wp:meta_key>_wp_old_date</wp:meta_key>
    <wp:meta_value><![CDATA[2024-06-10]]></wp:meta_value>
  </wp:postmeta>
  <wp:postmeta>
    <wp:meta_key>_wp_old_date</wp:meta_key>
    <wp:meta_value><![CDATA[2024-06-11]]></wp:meta_value>
  </wp:postmeta>
</item>
<item>
  <title><![CDATA[Inicio]]></title>
  <link>https://emiliaelizalde.wordpress.com/2024/08/22/pagina-principal/</link>
  <pubDate>Tue, 28 May 2024 14:48:15 +0000</pubDate>
  <dc:creator>elizaldeemilia89</dc:creator>
  <guid isPermaLink="false">https://emiliaelizalde.wordpress.com/2024/05/28/pagina-principal/</guid>
  <description/>
  <content:encoded><![CDATA[]]></content:encoded>
  <excerpt:encoded><![CDATA[]]></excerpt:encoded>
  <wp:post_id>13</wp:post_id>
  <wp:post_date>2024-08-22 08:22:04</wp:post_date>
  <wp:post_date_gmt>2024-05-28 14:48:15</wp:post_date_gmt>
  <wp:post_modified>2024-08-22 08:22:04</wp:post_modified>
  <wp:post_modified_gmt>2024-08-22 13:22:04</wp:post_modified_gmt>
  <wp:comment_status>closed</wp:comment_status>
  <wp:ping_status>closed</wp:ping_status>
  <wp:post_name>pagina-principal</wp:post_name>
  <wp:status>publish</wp:status>
  <wp:post_parent>0</wp:post_parent>
  <wp:menu_order>1</wp:menu_order>
  <wp:post_type>nav_menu_item</wp:post_type>
  <wp:post_password/>
  <wp:is_sticky>0</wp:is_sticky>
  <category domain="nav_menu" nicename="menu-principal"><![CDATA[Menú principal]]></category>
  <wp:postmeta>
    <wp:meta_key>_publicize_pending</wp:meta_key>
    <wp:meta_value><![CDATA[1]]></wp:meta_value>
  </wp:postmeta>
  <wp:postmeta>
    <wp:meta_key>_menu_item_type</wp:meta_key>
    <wp:meta_value><![CDATA[custom]]></wp:meta_value>
  </wp:postmeta>
  <wp:postmeta>
    <wp:meta_key>_menu_item_menu_item_parent</wp:meta_key>
    <wp:meta_value><![CDATA[0]]></wp:meta_value>
  </wp:postmeta>
  <wp:postmeta>
    <wp:meta_key>_menu_item_object_id</wp:meta_key>
    <wp:meta_value><![CDATA[13]]></wp:meta_value>
  </wp:postmeta>
  <wp:postmeta>
    <wp:meta_key>_menu_item_object</wp:meta_key>
    <wp:meta_value><![CDATA[custom]]></wp:meta_value>
  </wp:postmeta>
  <wp:postmeta>
    <wp:meta_key>_menu_item_target</wp:meta_key>
    <wp:meta_value><![CDATA[]]></wp:meta_value>
  </wp:postmeta>
  <wp:postmeta>
    <wp:meta_key>_menu_item_classes</wp:meta_key>
    <wp:meta_value><![CDATA[a:1:{i:0;s:0:"";}]]></wp:meta_value>
  </wp:postmeta>
  <wp:postmeta>
    <wp:meta_key>_menu_item_xfn</wp:meta_key>
    <wp:meta_value><![CDATA[]]></wp:meta_value>
  </wp:postmeta>
  <wp:postmeta>
    <wp:meta_key>_menu_item_url</wp:meta_key>
    <wp:meta_value><![CDATA[#]]></wp:meta_value>
  </wp:postmeta>
  <wp:postmeta>
    <wp:meta_key>_menu_item_content</wp:meta_key>
    <wp:meta_value><![CDATA[]]></wp:meta_value>
  </wp:postmeta>
  <wp:postmeta>
    <wp:meta_key>_wp_old_date</wp:meta_key>
    <wp:meta_value><![CDATA[2024-05-28]]></wp:meta_value>
  </wp:postmeta>
  <wp:postmeta>
    <wp:meta_key>_wp_old_date</wp:meta_key>
    <wp:meta_value><![CDATA[2024-06-10]]></wp:meta_value>
  </wp:postmeta>
  <wp:postmeta>
    <wp:meta_key>_wp_old_date</wp:meta_key>
    <wp:meta_value><![CDATA[2024-06-11]]></wp:meta_value>
  </wp:postmeta>
</item>
<item>
  <title><![CDATA[WhatsApp Image 2024-05-29 at 23.41.57]]></title>
  <link>https://emiliaelizalde.wordpress.com/inicio/whatsapp-image-2024-05-29-at-23-41-57/</link>
  <pubDate>Thu, 30 May 2024 04:44:54 +0000</pubDate>
  <dc:creator>elizaldeemilia89</dc:creator>
  <guid isPermaLink="false">http://emiliaelizalde.files.wordpress.com/2024/05/whatsapp-image-2024-05-29-at-23.41.57.jpeg</guid>
  <description/>
  <content:encoded><![CDATA[]]></content:encoded>
  <excerpt:encoded><![CDATA[]]></excerpt:encoded>
  <wp:post_id>17</wp:post_id>
  <wp:post_date>2024-05-29 23:44:54</wp:post_date>
  <wp:post_date_gmt>2024-05-30 04:44:54</wp:post_date_gmt>
  <wp:post_modified>2024-05-29 23:44:54</wp:post_modified>
  <wp:post_modified_gmt>2024-05-30 04:44:54</wp:post_modified_gmt>
  <wp:comment_status>open</wp:comment_status>
  <wp:ping_status>closed</wp:ping_status>
  <wp:post_name>whatsapp-image-2024-05-29-at-23-41-57</wp:post_name>
  <wp:status>inherit</wp:status>
  <wp:post_parent>4</wp:post_parent>
  <wp:menu_order>0</wp:menu_order>
  <wp:post_type>attachment</wp:post_type>
  <wp:post_password/>
  <wp:is_sticky>0</wp:is_sticky>
  <wp:attachment_url>https://emiliaelizalde.wordpress.com/wp-content/uploads/2024/05/whatsapp-image-2024-05-29-at-23.41.57.jpeg</wp:attachment_url>
  <wp:postmeta>
    <wp:meta_key>_wp_attached_file</wp:meta_key>
    <wp:meta_value><![CDATA[/home/wpcom/public_html/wp-content/blogs.dir/be1/233347148/files/2024/05/whatsapp-image-2024-05-29-at-23.41.57.jpeg]]></wp:meta_value>
  </wp:postmeta>
  <wp:postmeta>
    <wp:meta_key>_wp_attachment_metadata</wp:meta_key>
    <wp:meta_value><![CDATA[a:6:{s:5:"width";i:1080;s:6:"height";i:810;s:4:"file";s:115:"/home/wpcom/public_html/wp-content/blogs.dir/be1/233347148/files/2024/05/whatsapp-image-2024-05-29-at-23.41.57.jpeg";s:8:"filesize";i:50763;s:5:"sizes";a:0:{}s:10:"image_meta";a:12:{s:8:"aperture";s:1:"0";s:6:"credit";s:0:"";s:6:"camera";s:0:"";s:7:"caption";s:0:"";s:17:"created_timestamp";s:1:"0";s:9:"copyright";s:0:"";s:12:"focal_length";s:1:"0";s:3:"iso";s:1:"0";s:13:"shutter_speed";s:1:"0";s:5:"title";s:0:"";s:11:"orientation";s:1:"0";s:8:"keywords";a:0:{}}}]]></wp:meta_value>
  </wp:postmeta>
</item>
<item>
  <title><![CDATA[image]]></title>
  <link>https://emiliaelizalde.wordpress.com/inicio/image/</link>
  <pubDate>Thu, 30 May 2024 04:45:05 +0000</pubDate>
  <dc:creator>elizaldeemilia89</dc:creator>
  <guid isPermaLink="false">http://emiliaelizalde.files.wordpress.com/2024/05/image.jpeg</guid>
  <description/>
  <content:encoded><![CDATA[]]></content:encoded>
  <excerpt:encoded><![CDATA[]]></excerpt:encoded>
  <wp:post_id>18</wp:post_id>
  <wp:post_date>2024-05-29 23:45:05</wp:post_date>
  <wp:post_date_gmt>2024-05-30 04:45:05</wp:post_date_gmt>
  <wp:post_modified>2024-05-29 23:45:05</wp:post_modified>
  <wp:post_modified_gmt>2024-05-30 04:45:05</wp:post_modified_gmt>
  <wp:comment_status>open</wp:comment_status>
  <wp:ping_status>closed</wp:ping_status>
  <wp:post_name>image</wp:post_name>
  <wp:status>inherit</wp:status>
  <wp:post_parent>4</wp:post_parent>
  <wp:menu_order>0</wp:menu_order>
  <wp:post_type>attachment</wp:post_type>
  <wp:post_password/>
  <wp:is_sticky>0</wp:is_sticky>
  <wp:attachment_url>https://emiliaelizalde.wordpress.com/wp-content/uploads/2024/05/image.jpeg</wp:attachment_url>
  <wp:postmeta>
    <wp:meta_key>_wp_attached_file</wp:meta_key>
    <wp:meta_value><![CDATA[/home/wpcom/public_html/wp-content/blogs.dir/be1/233347148/files/2024/05/image.jpeg]]></wp:meta_value>
  </wp:postmeta>
  <wp:postmeta>
    <wp:meta_key>_wp_attachment_metadata</wp:meta_key>
    <wp:meta_value><![CDATA[a:6:{s:5:"width";i:1024;s:6:"height";i:768;s:4:"file";s:83:"/home/wpcom/public_html/wp-content/blogs.dir/be1/233347148/files/2024/05/image.jpeg";s:8:"filesize";i:42252;s:5:"sizes";a:0:{}s:10:"image_meta";a:12:{s:8:"aperture";s:1:"0";s:6:"credit";s:0:"";s:6:"camera";s:0:"";s:7:"caption";s:0:"";s:17:"created_timestamp";s:1:"0";s:9:"copyright";s:0:"";s:12:"focal_length";s:1:"0";s:3:"iso";s:1:"0";s:13:"shutter_speed";s:1:"0";s:5:"title";s:0:"";s:11:"orientation";s:1:"0";s:8:"keywords";a:0:{}}}]]></wp:meta_value>
  </wp:postmeta>
</item>
<item>
  <title><![CDATA[image-1]]></title>
  <link>https://emiliaelizalde.wordpress.com/inicio/image-1/</link>
  <pubDate>Thu, 30 May 2024 04:45:07 +0000</pubDate>
  <dc:creator>elizaldeemilia89</dc:creator>
  <guid isPermaLink="false">http://emiliaelizalde.files.wordpress.com/2024/05/image-1.jpeg</guid>
  <description/>
  <content:encoded><![CDATA[]]></content:encoded>
  <excerpt:encoded><![CDATA[]]></excerpt:encoded>
  <wp:post_id>19</wp:post_id>
  <wp:post_date>2024-05-29 23:45:07</wp:post_date>
  <wp:post_date_gmt>2024-05-30 04:45:07</wp:post_date_gmt>
  <wp:post_modified>2024-05-29 23:45:07</wp:post_modified>
  <wp:post_modified_gmt>2024-05-30 04:45:07</wp:post_modified_gmt>
  <wp:comment_status>open</wp:comment_status>
  <wp:ping_status>closed</wp:ping_status>
  <wp:post_name>image-1</wp:post_name>
  <wp:status>inherit</wp:status>
  <wp:post_parent>4</wp:post_parent>
  <wp:menu_order>0</wp:menu_order>
  <wp:post_type>attachment</wp:post_type>
  <wp:post_password/>
  <wp:is_sticky>0</wp:is_sticky>
  <wp:attachment_url>https://emiliaelizalde.wordpress.com/wp-content/uploads/2024/05/image-1.jpeg</wp:attachment_url>
  <wp:postmeta>
    <wp:meta_key>_wp_attached_file</wp:meta_key>
    <wp:meta_value><![CDATA[/home/wpcom/public_html/wp-content/blogs.dir/be1/233347148/files/2024/05/image-1.jpeg]]></wp:meta_value>
  </wp:postmeta>
  <wp:postmeta>
    <wp:meta_key>_wp_attachment_metadata</wp:meta_key>
    <wp:meta_value><![CDATA[a:6:{s:5:"width";i:1024;s:6:"height";i:768;s:4:"file";s:85:"/home/wpcom/public_html/wp-content/blogs.dir/be1/233347148/files/2024/05/image-1.jpeg";s:8:"filesize";i:42252;s:5:"sizes";a:0:{}s:10:"image_meta";a:12:{s:8:"aperture";s:1:"0";s:6:"credit";s:0:"";s:6:"camera";s:0:"";s:7:"caption";s:0:"";s:17:"created_timestamp";s:1:"0";s:9:"copyright";s:0:"";s:12:"focal_length";s:1:"0";s:3:"iso";s:1:"0";s:13:"shutter_speed";s:1:"0";s:5:"title";s:0:"";s:11:"orientation";s:1:"0";s:8:"keywords";a:0:{}}}]]></wp:meta_value>
  </wp:postmeta>
</item>
<item>
  <title><![CDATA[whatsapp-image-2024-05-29-at-23.41.57-1]]></title>
  <link>https://emiliaelizalde.wordpress.com/inicio/whatsapp-image-2024-05-29-at-23-41-57-1/</link>
  <pubDate>Thu, 30 May 2024 04:45:22 +0000</pubDate>
  <dc:creator>elizaldeemilia89</dc:creator>
  <guid isPermaLink="false">http://emiliaelizalde.files.wordpress.com/2024/05/whatsapp-image-2024-05-29-at-23.41.57-1.jpeg</guid>
  <description/>
  <content:encoded><![CDATA[]]></content:encoded>
  <excerpt:encoded><![CDATA[]]></excerpt:encoded>
  <wp:post_id>20</wp:post_id>
  <wp:post_date>2024-05-29 23:45:22</wp:post_date>
  <wp:post_date_gmt>2024-05-30 04:45:22</wp:post_date_gmt>
  <wp:post_modified>2024-05-29 23:45:22</wp:post_modified>
  <wp:post_modified_gmt>2024-05-30 04:45:22</wp:post_modified_gmt>
  <wp:comment_status>open</wp:comment_status>
  <wp:ping_status>closed</wp:ping_status>
  <wp:post_name>whatsapp-image-2024-05-29-at-23-41-57-1</wp:post_name>
  <wp:status>inherit</wp:status>
  <wp:post_parent>4</wp:post_parent>
  <wp:menu_order>0</wp:menu_order>
  <wp:post_type>attachment</wp:post_type>
  <wp:post_password/>
  <wp:is_sticky>0</wp:is_sticky>
  <wp:attachment_url>https://emiliaelizalde.wordpress.com/wp-content/uploads/2024/05/whatsapp-image-2024-05-29-at-23.41.57-1.jpeg</wp:attachment_url>
  <wp:postmeta>
    <wp:meta_key>_wp_attached_file</wp:meta_key>
    <wp:meta_value><![CDATA[/home/wpcom/public_html/wp-content/blogs.dir/be1/233347148/files/2024/05/whatsapp-image-2024-05-29-at-23.41.57-1.jpeg]]></wp:meta_value>
  </wp:postmeta>
  <wp:postmeta>
    <wp:meta_key>_wp_attachment_metadata</wp:meta_key>
    <wp:meta_value><![CDATA[a:6:{s:5:"width";i:1080;s:6:"height";i:810;s:4:"file";s:117:"/home/wpcom/public_html/wp-content/blogs.dir/be1/233347148/files/2024/05/whatsapp-image-2024-05-29-at-23.41.57-1.jpeg";s:8:"filesize";i:50763;s:5:"sizes";a:0:{}s:10:"image_meta";a:12:{s:8:"aperture";s:1:"0";s:6:"credit";s:0:"";s:6:"camera";s:0:"";s:7:"caption";s:0:"";s:17:"created_timestamp";s:1:"0";s:9:"copyright";s:0:"";s:12:"focal_length";s:1:"0";s:3:"iso";s:1:"0";s:13:"shutter_speed";s:1:"0";s:5:"title";s:0:"";s:11:"orientation";s:1:"0";s:8:"keywords";a:0:{}}}]]></wp:meta_value>
  </wp:postmeta>
</item>
<item>
  <title><![CDATA[descarga (3)]]></title>
  <link>https://emiliaelizalde.wordpress.com/inicio/descarga-3/</link>
  <pubDate>Mon, 10 Jun 2024 15:44:59 +0000</pubDate>
  <dc:creator>elizaldeemilia89</dc:creator>
  <guid isPermaLink="false">http://emiliaelizalde.files.wordpress.com/2024/06/descarga-3.jpg</guid>
  <description/>
  <content:encoded><![CDATA[]]></content:encoded>
  <excerpt:encoded><![CDATA[]]></excerpt:encoded>
  <wp:post_id>30</wp:post_id>
  <wp:post_date>2024-06-10 10:44:59</wp:post_date>
  <wp:post_date_gmt>2024-06-10 15:44:59</wp:post_date_gmt>
  <wp:post_modified>2024-06-10 10:44:59</wp:post_modified>
  <wp:post_modified_gmt>2024-06-10 15:44:59</wp:post_modified_gmt>
  <wp:comment_status>open</wp:comment_status>
  <wp:ping_status>closed</wp:ping_status>
  <wp:post_name>descarga-3</wp:post_name>
  <wp:status>inherit</wp:status>
  <wp:post_parent>4</wp:post_parent>
  <wp:menu_order>0</wp:menu_order>
  <wp:post_type>attachment</wp:post_type>
  <wp:post_password/>
  <wp:is_sticky>0</wp:is_sticky>
  <wp:attachment_url>https://emiliaelizalde.wordpress.com/wp-content/uploads/2024/06/descarga-3.jpg</wp:attachment_url>
  <wp:postmeta>
    <wp:meta_key>_wp_attached_file</wp:meta_key>
    <wp:meta_value><![CDATA[/home/wpcom/public_html/wp-content/blogs.dir/be1/233347148/files/2024/06/descarga-3.jpg]]></wp:meta_value>
  </wp:postmeta>
  <wp:postmeta>
    <wp:meta_key>_wp_attachment_metadata</wp:meta_key>
    <wp:meta_value><![CDATA[a:6:{s:5:"width";i:200;s:6:"height";i:200;s:4:"file";s:87:"/home/wpcom/public_html/wp-content/blogs.dir/be1/233347148/files/2024/06/descarga-3.jpg";s:8:"filesize";i:2491;s:5:"sizes";a:0:{}s:10:"image_meta";a:12:{s:8:"aperture";s:1:"0";s:6:"credit";s:0:"";s:6:"camera";s:0:"";s:7:"caption";s:0:"";s:17:"created_timestamp";s:1:"0";s:9:"copyright";s:0:"";s:12:"focal_length";s:1:"0";s:3:"iso";s:1:"0";s:13:"shutter_speed";s:1:"0";s:5:"title";s:0:"";s:11:"orientation";s:1:"0";s:8:"keywords";a:0:{}}}]]></wp:meta_value>
  </wp:postmeta>
</item>
<item>
  <title><![CDATA[whatsapp-image-2024-06-10-at-10.55.47]]></title>
  <link>https://emiliaelizalde.wordpress.com/inicio/whatsapp-image-2024-06-10-at-10-55-47/</link>
  <pubDate>Mon, 10 Jun 2024 15:56:05 +0000</pubDate>
  <dc:creator>elizaldeemilia89</dc:creator>
  <guid isPermaLink="false">http://emiliaelizalde.files.wordpress.com/2024/06/whatsapp-image-2024-06-10-at-10.55.47.jpeg</guid>
  <description/>
  <content:encoded><![CDATA[]]></content:encoded>
  <excerpt:encoded><![CDATA[]]></excerpt:encoded>
  <wp:post_id>34</wp:post_id>
  <wp:post_date>2024-06-10 10:56:05</wp:post_date>
  <wp:post_date_gmt>2024-06-10 15:56:05</wp:post_date_gmt>
  <wp:post_modified>2024-06-10 10:56:05</wp:post_modified>
  <wp:post_modified_gmt>2024-06-10 15:56:05</wp:post_modified_gmt>
  <wp:comment_status>open</wp:comment_status>
  <wp:ping_status>closed</wp:ping_status>
  <wp:post_name>whatsapp-image-2024-06-10-at-10-55-47</wp:post_name>
  <wp:status>inherit</wp:status>
  <wp:post_parent>4</wp:post_parent>
  <wp:menu_order>0</wp:menu_order>
  <wp:post_type>attachment</wp:post_type>
  <wp:post_password/>
  <wp:is_sticky>0</wp:is_sticky>
  <wp:attachment_url>https://emiliaelizalde.wordpress.com/wp-content/uploads/2024/06/whatsapp-image-2024-06-10-at-10.55.47.jpeg</wp:attachment_url>
  <wp:postmeta>
    <wp:meta_key>_wp_attached_file</wp:meta_key>
    <wp:meta_value><![CDATA[/home/wpcom/public_html/wp-content/blogs.dir/be1/233347148/files/2024/06/whatsapp-image-2024-06-10-at-10.55.47.jpeg]]></wp:meta_value>
  </wp:postmeta>
  <wp:postmeta>
    <wp:meta_key>_wp_attachment_metadata</wp:meta_key>
    <wp:meta_value><![CDATA[a:6:{s:5:"width";i:720;s:6:"height";i:897;s:4:"file";s:115:"/home/wpcom/public_html/wp-content/blogs.dir/be1/233347148/files/2024/06/whatsapp-image-2024-06-10-at-10.55.47.jpeg";s:8:"filesize";i:61471;s:5:"sizes";a:0:{}s:10:"image_meta";a:12:{s:8:"aperture";s:1:"0";s:6:"credit";s:0:"";s:6:"camera";s:0:"";s:7:"caption";s:0:"";s:17:"created_timestamp";s:1:"0";s:9:"copyright";s:0:"";s:12:"focal_length";s:1:"0";s:3:"iso";s:1:"0";s:13:"shutter_speed";s:1:"0";s:5:"title";s:0:"";s:11:"orientation";s:1:"0";s:8:"keywords";a:0:{}}}]]></wp:meta_value>
  </wp:postmeta>
</item>
<item>
  <title><![CDATA[f61e2b21d1]]></title>
  <link>https://emiliaelizalde.wordpress.com/inicio/f61e2b21d1/</link>
  <pubDate>Mon, 10 Jun 2024 15:58:06 +0000</pubDate>
  <dc:creator>elizaldeemilia89</dc:creator>
  <guid isPermaLink="false">http://emiliaelizalde.files.wordpress.com/2024/06/f61e2b21d1.jpg</guid>
  <description/>
  <content:encoded><![CDATA[]]></content:encoded>
  <excerpt:encoded><![CDATA[]]></excerpt:encoded>
  <wp:post_id>36</wp:post_id>
  <wp:post_date>2024-06-10 10:58:06</wp:post_date>
  <wp:post_date_gmt>2024-06-10 15:58:06</wp:post_date_gmt>
  <wp:post_modified>2024-06-10 10:58:06</wp:post_modified>
  <wp:post_modified_gmt>2024-06-10 15:58:06</wp:post_modified_gmt>
  <wp:comment_status>open</wp:comment_status>
  <wp:ping_status>closed</wp:ping_status>
  <wp:post_name>f61e2b21d1</wp:post_name>
  <wp:status>inherit</wp:status>
  <wp:post_parent>4</wp:post_parent>
  <wp:menu_order>0</wp:menu_order>
  <wp:post_type>attachment</wp:post_type>
  <wp:post_password/>
  <wp:is_sticky>0</wp:is_sticky>
  <wp:attachment_url>https://emiliaelizalde.wordpress.com/wp-content/uploads/2024/06/f61e2b21d1.jpg</wp:attachment_url>
  <wp:postmeta>
    <wp:meta_key>_wp_attached_file</wp:meta_key>
    <wp:meta_value><![CDATA[/home/wpcom/public_html/wp-content/blogs.dir/be1/233347148/files/2024/06/f61e2b21d1.jpg]]></wp:meta_value>
  </wp:postmeta>
  <wp:postmeta>
    <wp:meta_key>_wp_attachment_metadata</wp:meta_key>
    <wp:meta_value><![CDATA[a:6:{s:5:"width";i:1920;s:6:"height";i:1080;s:4:"file";s:87:"/home/wpcom/public_html/wp-content/blogs.dir/be1/233347148/files/2024/06/f61e2b21d1.jpg";s:8:"filesize";i:549198;s:5:"sizes";a:0:{}s:10:"image_meta";a:12:{s:8:"aperture";s:1:"0";s:6:"credit";s:0:"";s:6:"camera";s:0:"";s:7:"caption";s:0:"";s:17:"created_timestamp";s:1:"0";s:9:"copyright";s:0:"";s:12:"focal_length";s:1:"0";s:3:"iso";s:1:"0";s:13:"shutter_speed";s:1:"0";s:5:"title";s:0:"";s:11:"orientation";s:1:"0";s:8:"keywords";a:0:{}}}]]></wp:meta_value>
  </wp:postmeta>
</item>
<item>
  <title><![CDATA[whatsapp-image-2024-06-10-at-10.55.47-1]]></title>
  <link>https://emiliaelizalde.wordpress.com/inicio/whatsapp-image-2024-06-10-at-10-55-47-1/</link>
  <pubDate>Mon, 10 Jun 2024 16:01:33 +0000</pubDate>
  <dc:creator>elizaldeemilia89</dc:creator>
  <guid isPermaLink="false">http://emiliaelizalde.files.wordpress.com/2024/06/whatsapp-image-2024-06-10-at-10.55.47-1.jpeg</guid>
  <description/>
  <content:encoded><![CDATA[]]></content:encoded>
  <excerpt:encoded><![CDATA[]]></excerpt:encoded>
  <wp:post_id>40</wp:post_id>
  <wp:post_date>2024-06-10 11:01:33</wp:post_date>
  <wp:post_date_gmt>2024-06-10 16:01:33</wp:post_date_gmt>
  <wp:post_modified>2024-06-10 11:01:33</wp:post_modified>
  <wp:post_modified_gmt>2024-06-10 16:01:33</wp:post_modified_gmt>
  <wp:comment_status>open</wp:comment_status>
  <wp:ping_status>closed</wp:ping_status>
  <wp:post_name>whatsapp-image-2024-06-10-at-10-55-47-1</wp:post_name>
  <wp:status>inherit</wp:status>
  <wp:post_parent>4</wp:post_parent>
  <wp:menu_order>0</wp:menu_order>
  <wp:post_type>attachment</wp:post_type>
  <wp:post_password/>
  <wp:is_sticky>0</wp:is_sticky>
  <wp:attachment_url>https://emiliaelizalde.wordpress.com/wp-content/uploads/2024/06/whatsapp-image-2024-06-10-at-10.55.47-1.jpeg</wp:attachment_url>
  <wp:postmeta>
    <wp:meta_key>_wp_attached_file</wp:meta_key>
    <wp:meta_value><![CDATA[/home/wpcom/public_html/wp-content/blogs.dir/be1/233347148/files/2024/06/whatsapp-image-2024-06-10-at-10.55.47-1.jpeg]]></wp:meta_value>
  </wp:postmeta>
  <wp:postmeta>
    <wp:meta_key>_wp_attachment_metadata</wp:meta_key>
    <wp:meta_value><![CDATA[a:6:{s:5:"width";i:720;s:6:"height";i:897;s:4:"file";s:117:"/home/wpcom/public_html/wp-content/blogs.dir/be1/233347148/files/2024/06/whatsapp-image-2024-06-10-at-10.55.47-1.jpeg";s:8:"filesize";i:61471;s:5:"sizes";a:0:{}s:10:"image_meta";a:12:{s:8:"aperture";s:1:"0";s:6:"credit";s:0:"";s:6:"camera";s:0:"";s:7:"caption";s:0:"";s:17:"created_timestamp";s:1:"0";s:9:"copyright";s:0:"";s:12:"focal_length";s:1:"0";s:3:"iso";s:1:"0";s:13:"shutter_speed";s:1:"0";s:5:"title";s:0:"";s:11:"orientation";s:1:"0";s:8:"keywords";a:0:{}}}]]></wp:meta_value>
  </wp:postmeta>
</item>
<item>
  <title><![CDATA[f61e2b21d1-1]]></title>
  <link>https://emiliaelizalde.wordpress.com/inicio/f61e2b21d1-1/</link>
  <pubDate>Mon, 10 Jun 2024 16:04:12 +0000</pubDate>
  <dc:creator>elizaldeemilia89</dc:creator>
  <guid isPermaLink="false">http://emiliaelizalde.files.wordpress.com/2024/06/f61e2b21d1-1.jpg</guid>
  <description/>
  <content:encoded><![CDATA[]]></content:encoded>
  <excerpt:encoded><![CDATA[]]></excerpt:encoded>
  <wp:post_id>42</wp:post_id>
  <wp:post_date>2024-06-10 11:04:12</wp:post_date>
  <wp:post_date_gmt>2024-06-10 16:04:12</wp:post_date_gmt>
  <wp:post_modified>2024-06-10 11:04:12</wp:post_modified>
  <wp:post_modified_gmt>2024-06-10 16:04:12</wp:post_modified_gmt>
  <wp:comment_status>open</wp:comment_status>
  <wp:ping_status>closed</wp:ping_status>
  <wp:post_name>f61e2b21d1-1</wp:post_name>
  <wp:status>inherit</wp:status>
  <wp:post_parent>4</wp:post_parent>
  <wp:menu_order>0</wp:menu_order>
  <wp:post_type>attachment</wp:post_type>
  <wp:post_password/>
  <wp:is_sticky>0</wp:is_sticky>
  <wp:attachment_url>https://emiliaelizalde.wordpress.com/wp-content/uploads/2024/06/f61e2b21d1-1.jpg</wp:attachment_url>
  <wp:postmeta>
    <wp:meta_key>_wp_attached_file</wp:meta_key>
    <wp:meta_value><![CDATA[/home/wpcom/public_html/wp-content/blogs.dir/be1/233347148/files/2024/06/f61e2b21d1-1.jpg]]></wp:meta_value>
  </wp:postmeta>
  <wp:postmeta>
    <wp:meta_key>_wp_attachment_metadata</wp:meta_key>
    <wp:meta_value><![CDATA[a:6:{s:5:"width";i:1920;s:6:"height";i:1080;s:4:"file";s:89:"/home/wpcom/public_html/wp-content/blogs.dir/be1/233347148/files/2024/06/f61e2b21d1-1.jpg";s:8:"filesize";i:549198;s:5:"sizes";a:0:{}s:10:"image_meta";a:12:{s:8:"aperture";s:1:"0";s:6:"credit";s:0:"";s:6:"camera";s:0:"";s:7:"caption";s:0:"";s:17:"created_timestamp";s:1:"0";s:9:"copyright";s:0:"";s:12:"focal_length";s:1:"0";s:3:"iso";s:1:"0";s:13:"shutter_speed";s:1:"0";s:5:"title";s:0:"";s:11:"orientation";s:1:"0";s:8:"keywords";a:0:{}}}]]></wp:meta_value>
  </wp:postmeta>
</item>
<item>
  <title><![CDATA[f61e2b21d1-2]]></title>
  <link>https://emiliaelizalde.wordpress.com/acerca-de/f61e2b21d1-2/</link>
  <pubDate>Mon, 10 Jun 2024 16:29:15 +0000</pubDate>
  <dc:creator>elizaldeemilia89</dc:creator>
  <guid isPermaLink="false">http://emiliaelizalde.files.wordpress.com/2024/06/f61e2b21d1-2.jpg</guid>
  <description/>
  <content:encoded><![CDATA[]]></content:encoded>
  <excerpt:encoded><![CDATA[]]></excerpt:encoded>
  <wp:post_id>48</wp:post_id>
  <wp:post_date>2024-06-10 11:29:15</wp:post_date>
  <wp:post_date_gmt>2024-06-10 16:29:15</wp:post_date_gmt>
  <wp:post_modified>2024-06-10 11:29:15</wp:post_modified>
  <wp:post_modified_gmt>2024-06-10 16:29:15</wp:post_modified_gmt>
  <wp:comment_status>open</wp:comment_status>
  <wp:ping_status>closed</wp:ping_status>
  <wp:post_name>f61e2b21d1-2</wp:post_name>
  <wp:status>inherit</wp:status>
  <wp:post_parent>1</wp:post_parent>
  <wp:menu_order>0</wp:menu_order>
  <wp:post_type>attachment</wp:post_type>
  <wp:post_password/>
  <wp:is_sticky>0</wp:is_sticky>
  <wp:attachment_url>https://emiliaelizalde.wordpress.com/wp-content/uploads/2024/06/f61e2b21d1-2.jpg</wp:attachment_url>
  <wp:postmeta>
    <wp:meta_key>_wp_attached_file</wp:meta_key>
    <wp:meta_value><![CDATA[/home/wpcom/public_html/wp-content/blogs.dir/be1/233347148/files/2024/06/f61e2b21d1-2.jpg]]></wp:meta_value>
  </wp:postmeta>
  <wp:postmeta>
    <wp:meta_key>_wp_attachment_metadata</wp:meta_key>
    <wp:meta_value><![CDATA[a:6:{s:5:"width";i:1920;s:6:"height";i:1080;s:4:"file";s:89:"/home/wpcom/public_html/wp-content/blogs.dir/be1/233347148/files/2024/06/f61e2b21d1-2.jpg";s:8:"filesize";i:549198;s:5:"sizes";a:0:{}s:10:"image_meta";a:12:{s:8:"aperture";s:1:"0";s:6:"credit";s:0:"";s:6:"camera";s:0:"";s:7:"caption";s:0:"";s:17:"created_timestamp";s:1:"0";s:9:"copyright";s:0:"";s:12:"focal_length";s:1:"0";s:3:"iso";s:1:"0";s:13:"shutter_speed";s:1:"0";s:5:"title";s:0:"";s:11:"orientation";s:1:"0";s:8:"keywords";a:0:{}}}]]></wp:meta_value>
  </wp:postmeta>
</item>
<item>
  <title><![CDATA[whatsapp-image-2024-06-10-at-10.55.47-2]]></title>
  <link>https://emiliaelizalde.wordpress.com/acerca-de/whatsapp-image-2024-06-10-at-10-55-47-2/</link>
  <pubDate>Mon, 10 Jun 2024 16:31:02 +0000</pubDate>
  <dc:creator>elizaldeemilia89</dc:creator>
  <guid isPermaLink="false">http://emiliaelizalde.files.wordpress.com/2024/06/whatsapp-image-2024-06-10-at-10.55.47-2.jpeg</guid>
  <description/>
  <content:encoded><![CDATA[]]></content:encoded>
  <excerpt:encoded><![CDATA[]]></excerpt:encoded>
  <wp:post_id>50</wp:post_id>
  <wp:post_date>2024-06-10 11:31:02</wp:post_date>
  <wp:post_date_gmt>2024-06-10 16:31:02</wp:post_date_gmt>
  <wp:post_modified>2024-06-10 11:31:02</wp:post_modified>
  <wp:post_modified_gmt>2024-06-10 16:31:02</wp:post_modified_gmt>
  <wp:comment_status>open</wp:comment_status>
  <wp:ping_status>closed</wp:ping_status>
  <wp:post_name>whatsapp-image-2024-06-10-at-10-55-47-2</wp:post_name>
  <wp:status>inherit</wp:status>
  <wp:post_parent>1</wp:post_parent>
  <wp:menu_order>0</wp:menu_order>
  <wp:post_type>attachment</wp:post_type>
  <wp:post_password/>
  <wp:is_sticky>0</wp:is_sticky>
  <wp:attachment_url>https://emiliaelizalde.wordpress.com/wp-content/uploads/2024/06/whatsapp-image-2024-06-10-at-10.55.47-2.jpeg</wp:attachment_url>
  <wp:postmeta>
    <wp:meta_key>_wp_attached_file</wp:meta_key>
    <wp:meta_value><![CDATA[/home/wpcom/public_html/wp-content/blogs.dir/be1/233347148/files/2024/06/whatsapp-image-2024-06-10-at-10.55.47-2.jpeg]]></wp:meta_value>
  </wp:postmeta>
  <wp:postmeta>
    <wp:meta_key>_wp_attachment_metadata</wp:meta_key>
    <wp:meta_value><![CDATA[a:6:{s:5:"width";i:720;s:6:"height";i:897;s:4:"file";s:117:"/home/wpcom/public_html/wp-content/blogs.dir/be1/233347148/files/2024/06/whatsapp-image-2024-06-10-at-10.55.47-2.jpeg";s:8:"filesize";i:61471;s:5:"sizes";a:0:{}s:10:"image_meta";a:12:{s:8:"aperture";s:1:"0";s:6:"credit";s:0:"";s:6:"camera";s:0:"";s:7:"caption";s:0:"";s:17:"created_timestamp";s:1:"0";s:9:"copyright";s:0:"";s:12:"focal_length";s:1:"0";s:3:"iso";s:1:"0";s:13:"shutter_speed";s:1:"0";s:5:"title";s:0:"";s:11:"orientation";s:1:"0";s:8:"keywords";a:0:{}}}]]></wp:meta_value>
  </wp:postmeta>
</item>
<item>
  <title><![CDATA[Menú principal]]></title>
  <link>https://emiliaelizalde.wordpress.com/2024/06/11/menu-principal/</link>
  <pubDate>Tue, 11 Jun 2024 13:34:12 +0000</pubDate>
  <dc:creator>elizaldeemilia89</dc:creator>
  <guid isPermaLink="false">https://emiliaelizalde.wordpress.com/2024/06/11/menu-principal/</guid>
  <description/>
  <content:encoded><![CDATA[<!-- wp:navigation-link {"className":" menu-item menu-item-type-custom menu-item-object-custom","description":"","id":null,"kind":"custom","label":"Inicio","opensInNewTab":false,"rel":null,"title":"","type":"custom","url":"#"} /--><!-- wp:navigation-link {"className":" menu-item menu-item-type-custom menu-item-object-custom","description":"","id":null,"kind":"custom","label":"Sobre mi","opensInNewTab":false,"rel":null,"title":"","type":"custom","url":"#"} /--><!-- wp:navigation-link {"className":" menu-item menu-item-type-custom menu-item-object-custom","description":"","id":null,"kind":"custom","label":"Curriculum Vitae","opensInNewTab":false,"rel":null,"title":"","type":"custom","url":"#"} /--><!-- wp:navigation-link {"className":" menu-item menu-item-type-custom menu-item-object-custom","description":"","id":null,"kind":"custom","label":"Linkedln","opensInNewTab":false,"rel":null,"title":"","type":"custom","url":"https://www.linkedin.com/public-profile/settings?trk=d_flagship3_profile_self_view_public_profile"} /--><!-- wp:navigation-link {"className":" menu-item menu-item-type-custom menu-item-object-custom","description":"","id":null,"kind":"custom","label":"Blog","opensInNewTab":false,"rel":null,"title":"","type":"custom","url":"#"} /--><!-- wp:navigation-link {"className":" menu-item menu-item-type-custom menu-item-object-custom","description":"","id":null,"kind":"custom","label":"Contacto","opensInNewTab":false,"rel":null,"title":"","type":"custom","url":"#"} /-->]]></content:encoded>
  <excerpt:encoded><![CDATA[]]></excerpt:encoded>
  <wp:post_id>66</wp:post_id>
  <wp:post_date>2024-06-11 08:34:12</wp:post_date>
  <wp:post_date_gmt>2024-06-11 13:34:12</wp:post_date_gmt>
  <wp:post_modified>2024-06-11 08:34:12</wp:post_modified>
  <wp:post_modified_gmt>2024-06-11 13:34:12</wp:post_modified_gmt>
  <wp:comment_status>closed</wp:comment_status>
  <wp:ping_status>closed</wp:ping_status>
  <wp:post_name>menu-principal</wp:post_name>
  <wp:status>publish</wp:status>
  <wp:post_parent>0</wp:post_parent>
  <wp:menu_order>0</wp:menu_order>
  <wp:post_type>wp_navigation</wp:post_type>
  <wp:post_password/>
  <wp:is_sticky>0</wp:is_sticky>
  <wp:postmeta>
    <wp:meta_key>_publicize_pending</wp:meta_key>
    <wp:meta_value><![CDATA[1]]></wp:meta_value>
  </wp:postmeta>
</item>
<item>
  <title><![CDATA[Contacto]]></title>
  <link>https://emiliaelizalde.wordpress.com/contacto/</link>
  <pubDate>Mon, 17 Jun 2024 16:33:13 +0000</pubDate>
  <dc:creator>elizaldeemilia89</dc:creator>
  <guid isPermaLink="false">https://emiliaelizalde.wordpress.com/?page_id=77</guid>
  <description/>
  <content:encoded><![CDATA[<!-- wp:group {"metadata":{"name":"Contact","categories":["contact"],"patternName":"a8c/contact-tall-image-with-form"},"align":"full","style":{"spacing":{"padding":{"top":"calc( 0.5 * var(\u002d\u002dwp\u002d\u002dstyle\u002d\u002droot\u002d\u002dpadding-right, var(\u002d\u002dwp\u002d\u002dcustom\u002d\u002dgap\u002d\u002dhorizontal)))","bottom":"calc( 0.5 * var(\u002d\u002dwp\u002d\u002dstyle\u002d\u002droot\u002d\u002dpadding-right, var(\u002d\u002dwp\u002d\u002dcustom\u002d\u002dgap\u002d\u002dhorizontal)))","left":"var(\u002d\u002dwp\u002d\u002dstyle\u002d\u002droot\u002d\u002dpadding-left, var(\u002d\u002dwp\u002d\u002dcustom\u002d\u002dgap\u002d\u002dhorizontal))","right":"var(\u002d\u002dwp\u002d\u002dstyle\u002d\u002droot\u002d\u002dpadding-right, var(\u002d\u002dwp\u002d\u002dcustom\u002d\u002dgap\u002d\u002dhorizontal))"},"margin":{"top":"0","bottom":"0"}}},"layout":{"type":"constrained","justifyContent":"center"}} -->
<div class="wp-block-group alignfull" style="margin-top:0;margin-bottom:0;padding-top:calc( 0.5 * var(--wp--style--root--padding-right, var(--wp--custom--gap--horizontal)));padding-right:var(--wp--style--root--padding-right, var(--wp--custom--gap--horizontal));padding-bottom:calc( 0.5 * var(--wp--style--root--padding-right, var(--wp--custom--gap--horizontal)));padding-left:var(--wp--style--root--padding-left, var(--wp--custom--gap--horizontal))"><!-- wp:spacer {"height":"calc( 0.25 * var(\u002d\u002dwp\u002d\u002dstyle\u002d\u002droot\u002d\u002dpadding-right, var(\u002d\u002dwp\u002d\u002dcustom\u002d\u002dgap\u002d\u002dhorizontal)))"} -->
<div style="height:calc( 0.25 * var(--wp--style--root--padding-right, var(--wp--custom--gap--horizontal)))" aria-hidden="true" class="wp-block-spacer"></div>
<!-- /wp:spacer -->

<!-- wp:columns {"align":"wide"} -->
<div class="wp-block-columns alignwide"><!-- wp:column {"verticalAlignment":"center","width":""} -->
<div class="wp-block-column is-vertically-aligned-center"><!-- wp:heading {"fontSize":"x-large"} -->
<h2 class="wp-block-heading has-x-large-font-size">Ponte en contacto con nosotros</h2>
<!-- /wp:heading -->

<!-- wp:paragraph {"className":"is-contact-description"} -->
<p class="is-contact-description">Navegando por el intrincado tejido de la vida, las elecciones despliegan caminos hacia lo extraordinario, exigiendo creatividad, curiosidad y valentía para un viaje verdaderamente satisfactorio.</p>
<!-- /wp:paragraph -->

<!-- wp:spacer {"height":"calc( 0.25 * var(\u002d\u002dwp\u002d\u002dstyle\u002d\u002droot\u002d\u002dpadding-right, var(\u002d\u002dwp\u002d\u002dcustom\u002d\u002dgap\u002d\u002dhorizontal)))"} -->
<div style="height:calc( 0.25 * var(--wp--style--root--padding-right, var(--wp--custom--gap--horizontal)))" aria-hidden="true" class="wp-block-spacer"></div>
<!-- /wp:spacer -->

<!-- wp:jetpack/contact-form {"subject":"","to":"","className":"is-style-animated","textColor":"primary","style":{"elements":{"link":{"color":{"text":"var:preset|color|primary"}}}}} -->
<div class="wp-block-jetpack-contact-form is-style-animated has-primary-color has-text-color has-link-color"><!-- wp:jetpack/field-name {"required":true,"requiredText":"(Emilia Elizalde","borderRadius":0,"borderWidth":0} /-->

<!-- wp:jetpack/field-email {"required":true,"requiredText":"(elizaldeemilia89@gmail.com","borderRadius":0,"borderWidth":0} /-->

<!-- wp:jetpack/field-textarea {"label":"Message","requiredText":"(required)","borderRadius":0,"borderWidth":0} /-->

<!-- wp:jetpack/button {"element":"button","text":"Enviar","width":"","lock":{"remove":true}} /--></div>
<!-- /wp:jetpack/contact-form --></div>
<!-- /wp:column -->

<!-- wp:column -->
<div class="wp-block-column"><!-- wp:gallery {"ids":[13699],"linkTo":"none","sizeSlug":"full"} -->
<figure class="wp-block-gallery has-nested-images columns-default is-cropped"><!-- wp:image {"lightbox":{"enabled":false},"id":86,"aspectRatio":"2/3","scale":"cover","sizeSlug":"full","linkDestination":"none"} -->
<figure class="wp-block-image size-full"><img src="https://emiliaelizalde.wordpress.com/wp-content/uploads/2024/06/cartoon-style-character-wearing-headphones.jpg" alt="" class="wp-image-86" style="aspect-ratio:2/3;object-fit:cover" /></figure>
<!-- /wp:image --></figure>
<!-- /wp:gallery --></div>
<!-- /wp:column --></div>
<!-- /wp:columns -->

<!-- wp:spacer {"height":"calc( 0.25 * var(\u002d\u002dwp\u002d\u002dstyle\u002d\u002droot\u002d\u002dpadding-right, var(\u002d\u002dwp\u002d\u002dcustom\u002d\u002dgap\u002d\u002dhorizontal)))"} -->
<div style="height:calc( 0.25 * var(--wp--style--root--padding-right, var(--wp--custom--gap--horizontal)))" aria-hidden="true" class="wp-block-spacer"></div>
<!-- /wp:spacer --></div>
<!-- /wp:group -->

<!-- wp:html -->
[googlemaps https://www.google.com/maps/embed?pb=!1m18!1m12!1m3!1d3989.8036259199926!2d-78.49096462596044!3d-0.1555025354336363!2m3!1f0!2f0!3f0!3m2!1i1024!2i768!4f13.1!3m3!1m2!1s0x91d59aba9e05e6a1%3A0x606478970ed82284!2sInstituto%20Superior%20Tecnol%C3%B3gico%20Cordillera!5e0!3m2!1ses-419!2sec!4v1718642890213!5m2!1ses-419!2sec&amp;w=600&amp;h=450]
<!-- /wp:html -->]]></content:encoded>
  <excerpt:encoded><![CDATA[]]></excerpt:encoded>
  <wp:post_id>77</wp:post_id>
  <wp:post_date>2024-06-17 11:33:13</wp:post_date>
  <wp:post_date_gmt>2024-06-17 16:33:13</wp:post_date_gmt>
  <wp:post_modified>2024-06-17 11:48:34</wp:post_modified>
  <wp:post_modified_gmt>2024-06-17 16:48:34</wp:post_modified_gmt>
  <wp:comment_status>closed</wp:comment_status>
  <wp:ping_status>closed</wp:ping_status>
  <wp:post_name>contacto</wp:post_name>
  <wp:status>publish</wp:status>
  <wp:post_parent>0</wp:post_parent>
  <wp:menu_order>0</wp:menu_order>
  <wp:post_type>page</wp:post_type>
  <wp:post_password/>
  <wp:is_sticky>0</wp:is_sticky>
  <wp:postmeta>
    <wp:meta_key>_starter_page_template</wp:meta_key>
    <wp:meta_value><![CDATA[blank]]></wp:meta_value>
  </wp:postmeta>
  <wp:postmeta>
    <wp:meta_key>reader_suggested_tags</wp:meta_key>
    <wp:meta_value><![CDATA[]]></wp:meta_value>
  </wp:postmeta>
  <wp:postmeta>
    <wp:meta_key>_jetpack_post_was_ever_published</wp:meta_key>
    <wp:meta_value><![CDATA[]]></wp:meta_value>
  </wp:postmeta>
  <wp:postmeta>
    <wp:meta_key>jetpack_seo_noindex</wp:meta_key>
    <wp:meta_value><![CDATA[]]></wp:meta_value>
  </wp:postmeta>
  <wp:postmeta>
    <wp:meta_key>_last_editor_used_jetpack</wp:meta_key>
    <wp:meta_value><![CDATA[block-editor]]></wp:meta_value>
  </wp:postmeta>
  <wp:postmeta>
    <wp:meta_key>_wpcom_template_layout_category</wp:meta_key>
    <wp:meta_value><![CDATA[a:1:{i:0;s:8:"featured";}]]></wp:meta_value>
  </wp:postmeta>
  <wp:postmeta>
    <wp:meta_key>footnotes</wp:meta_key>
    <wp:meta_value><![CDATA[]]></wp:meta_value>
  </wp:postmeta>
  <wp:postmeta>
    <wp:meta_key>_publicize_pending</wp:meta_key>
    <wp:meta_value><![CDATA[1]]></wp:meta_value>
  </wp:postmeta>
  <wp:postmeta>
    <wp:meta_key>firehose_sent</wp:meta_key>
    <wp:meta_value><![CDATA[1718641994]]></wp:meta_value>
  </wp:postmeta>
  <wp:postmeta>
    <wp:meta_key>_g_feedback_shortcode_f84e5e6e6b9a75674d96af2c53db866ecf1ece7d</wp:meta_key>
    <wp:meta_value><![CDATA[
<div class="wp-block-jetpack-contact-form is-style-animated has-primary-color has-text-color has-link-color">[contact-field required="1" requiredText="(required)" borderRadius="0" borderWidth="0" type="name" label="Nombre"/]

[contact-field required="1" requiredText="(required)" borderRadius="0" borderWidth="0" type="email" label="Correo electrónico"/]

[contact-field label="Message" requiredText="(required)" borderRadius="0" borderWidth="0" type="textarea"/]

<div class="wp-block-jetpack-button wp-block-button" style="max-width: 100%"><button class="wp-block-button__link" style="width: ; max-width: 100%" data-id-attr="placeholder" type="submit">Enviar</button></div></div>
]]></wp:meta_value>
  </wp:postmeta>
  <wp:postmeta>
    <wp:meta_key>_g_feedback_shortcode_atts_f84e5e6e6b9a75674d96af2c53db866ecf1ece7d</wp:meta_key>
    <wp:meta_value><![CDATA[a:17:{s:2:"to";s:0:"";s:7:"subject";s:0:"";s:12:"show_subject";s:2:"no";s:6:"widget";i:0;s:14:"block_template";N;s:19:"block_template_part";N;s:2:"id";i:77;s:18:"submit_button_text";s:6:"Enviar";s:14:"customThankyou";s:0:"";s:21:"customThankyouHeading";s:24:"Se ha enviado tu mensaje";s:21:"customThankyouMessage";s:24:"¡Gracias por tu envío!";s:22:"customThankyouRedirect";s:0:"";s:10:"jetpackCRM";b:1;s:9:"className";s:62:"is-style-animated wp-elements-0995cb7eedf1fb980e785a216b240db5";s:9:"postToUrl";N;s:14:"salesforceData";N;s:12:"hiddenFields";N;}]]></wp:meta_value>
  </wp:postmeta>
  <wp:postmeta>
    <wp:meta_key>_g_feedback_shortcode_9a11514d631f6decd82aa881a1b6e984f490ddd9</wp:meta_key>
    <wp:meta_value><![CDATA[
<div class="wp-block-jetpack-contact-form is-style-animated has-primary-color has-text-color has-link-color">[contact-field required="1" requiredText="(Emilia Elizalde" borderRadius="0" borderWidth="0" type="name" label="Name"/]

[contact-field required="1" requiredText="(elizaldeemilia89@gmail.com" borderRadius="0" borderWidth="0" type="email" label="Email"/]

[contact-field label="Message" requiredText="(required)" borderRadius="0" borderWidth="0" type="textarea"/]

<div class="wp-block-jetpack-button wp-block-button" style="max-width: 100%"><button class="wp-block-button__link" style="width: ; max-width: 100%" data-id-attr="placeholder" type="submit">Enviar</button></div></div>
]]></wp:meta_value>
  </wp:postmeta>
  <wp:postmeta>
    <wp:meta_key>_g_feedback_shortcode_atts_9a11514d631f6decd82aa881a1b6e984f490ddd9</wp:meta_key>
    <wp:meta_value><![CDATA[a:17:{s:2:"to";s:0:"";s:7:"subject";s:0:"";s:12:"show_subject";s:2:"no";s:6:"widget";i:0;s:14:"block_template";N;s:19:"block_template_part";N;s:2:"id";i:77;s:18:"submit_button_text";s:6:"Submit";s:14:"customThankyou";s:0:"";s:21:"customThankyouHeading";s:26:"Your message has been sent";s:21:"customThankyouMessage";s:30:"Thank you for your submission!";s:22:"customThankyouRedirect";s:0:"";s:10:"jetpackCRM";b:1;s:9:"className";s:62:"is-style-animated wp-elements-329400d7db669f00057a5f24bbe3ba32";s:9:"postToUrl";N;s:14:"salesforceData";N;s:12:"hiddenFields";N;}]]></wp:meta_value>
  </wp:postmeta>
</item>
<item>
  <title><![CDATA[cartoon-style-character-wearing-headphones]]></title>
  <link>https://emiliaelizalde.wordpress.com/contacto/cartoon-style-character-wearing-headphones/</link>
  <pubDate>Mon, 17 Jun 2024 16:38:30 +0000</pubDate>
  <dc:creator>elizaldeemilia89</dc:creator>
  <guid isPermaLink="false">http://emiliaelizalde.files.wordpress.com/2024/06/cartoon-style-character-wearing-headphones.jpg</guid>
  <description/>
  <content:encoded><![CDATA[]]></content:encoded>
  <excerpt:encoded><![CDATA[]]></excerpt:encoded>
  <wp:post_id>86</wp:post_id>
  <wp:post_date>2024-06-17 11:38:30</wp:post_date>
  <wp:post_date_gmt>2024-06-17 16:38:30</wp:post_date_gmt>
  <wp:post_modified>2024-06-17 11:38:30</wp:post_modified>
  <wp:post_modified_gmt>2024-06-17 16:38:30</wp:post_modified_gmt>
  <wp:comment_status>open</wp:comment_status>
  <wp:ping_status>closed</wp:ping_status>
  <wp:post_name>cartoon-style-character-wearing-headphones</wp:post_name>
  <wp:status>inherit</wp:status>
  <wp:post_parent>77</wp:post_parent>
  <wp:menu_order>0</wp:menu_order>
  <wp:post_type>attachment</wp:post_type>
  <wp:post_password/>
  <wp:is_sticky>0</wp:is_sticky>
  <wp:attachment_url>https://emiliaelizalde.wordpress.com/wp-content/uploads/2024/06/cartoon-style-character-wearing-headphones.jpg</wp:attachment_url>
  <wp:postmeta>
    <wp:meta_key>_wp_attached_file</wp:meta_key>
    <wp:meta_value><![CDATA[/home/wpcom/public_html/wp-content/blogs.dir/be1/233347148/files/2024/06/cartoon-style-character-wearing-headphones.jpg]]></wp:meta_value>
  </wp:postmeta>
  <wp:postmeta>
    <wp:meta_key>_wp_attachment_metadata</wp:meta_key>
    <wp:meta_value><![CDATA[a:6:{s:5:"width";i:3584;s:6:"height";i:5376;s:4:"file";s:119:"/home/wpcom/public_html/wp-content/blogs.dir/be1/233347148/files/2024/06/cartoon-style-character-wearing-headphones.jpg";s:8:"filesize";i:3252938;s:5:"sizes";a:0:{}s:10:"image_meta";a:12:{s:8:"aperture";s:1:"0";s:6:"credit";s:0:"";s:6:"camera";s:0:"";s:7:"caption";s:0:"";s:17:"created_timestamp";s:1:"0";s:9:"copyright";s:0:"";s:12:"focal_length";s:1:"0";s:3:"iso";s:1:"0";s:13:"shutter_speed";s:1:"0";s:5:"title";s:0:"";s:11:"orientation";s:1:"0";s:8:"keywords";a:0:{}}}]]></wp:meta_value>
  </wp:postmeta>
</item>
<item>
  <title><![CDATA[Custom Styles]]></title>
  <link>https://emiliaelizalde.wordpress.com/2024/07/22/wp-global-styles-pub%2fnook/</link>
  <pubDate>Mon, 22 Jul 2024 16:23:43 +0000</pubDate>
  <dc:creator>elizaldeemilia89</dc:creator>
  <guid isPermaLink="false">https://emiliaelizalde.wordpress.com/2024/07/22/wp-global-styles-pub%2fnook/</guid>
  <description/>
  <content:encoded><![CDATA[{"version":3,"isGlobalStylesUserThemeJSON":true}]]></content:encoded>
  <excerpt:encoded><![CDATA[]]></excerpt:encoded>
  <wp:post_id>94</wp:post_id>
  <wp:post_date>2024-07-22 11:23:43</wp:post_date>
  <wp:post_date_gmt>2024-07-22 16:23:43</wp:post_date_gmt>
  <wp:post_modified>2024-07-22 11:23:43</wp:post_modified>
  <wp:post_modified_gmt>2024-07-22 16:23:43</wp:post_modified_gmt>
  <wp:comment_status>closed</wp:comment_status>
  <wp:ping_status>closed</wp:ping_status>
  <wp:post_name>wp-global-styles-pub%2fnook</wp:post_name>
  <wp:status>publish</wp:status>
  <wp:post_parent>0</wp:post_parent>
  <wp:menu_order>0</wp:menu_order>
  <wp:post_type>wp_global_styles</wp:post_type>
  <wp:post_password/>
  <wp:is_sticky>0</wp:is_sticky>
  <category domain="wp_theme" nicename="nook"><![CDATA[nook]]></category>
  <wp:postmeta>
    <wp:meta_key>_publicize_pending</wp:meta_key>
    <wp:meta_value><![CDATA[1]]></wp:meta_value>
  </wp:postmeta>
</item>
<item>
  <title><![CDATA[Portafolio]]></title>
  <link>https://emiliaelizalde.wordpress.com/2024/08/22/portafolio/</link>
  <pubDate>Thu, 22 Aug 2024 13:22:05 +0000</pubDate>
  <dc:creator>elizaldeemilia89</dc:creator>
  <guid isPermaLink="false">https://emiliaelizalde.wordpress.com/?p=95</guid>
  <description/>
  <content:encoded><![CDATA[]]></content:encoded>
  <excerpt:encoded><![CDATA[]]></excerpt:encoded>
  <wp:post_id>95</wp:post_id>
  <wp:post_date>2024-08-22 08:22:05</wp:post_date>
  <wp:post_date_gmt>2024-08-22 13:22:05</wp:post_date_gmt>
  <wp:post_modified>2024-08-22 08:22:05</wp:post_modified>
  <wp:post_modified_gmt>2024-08-22 13:22:05</wp:post_modified_gmt>
  <wp:comment_status>closed</wp:comment_status>
  <wp:ping_status>closed</wp:ping_status>
  <wp:post_name>portafolio</wp:post_name>
  <wp:status>publish</wp:status>
  <wp:post_parent>0</wp:post_parent>
  <wp:menu_order>5</wp:menu_order>
  <wp:post_type>nav_menu_item</wp:post_type>
  <wp:post_password/>
  <wp:is_sticky>0</wp:is_sticky>
  <category domain="nav_menu" nicename="menu-principal"><![CDATA[Menú principal]]></category>
  <wp:postmeta>
    <wp:meta_key>_menu_item_type</wp:meta_key>
    <wp:meta_value><![CDATA[custom]]></wp:meta_value>
  </wp:postmeta>
  <wp:postmeta>
    <wp:meta_key>_menu_item_menu_item_parent</wp:meta_key>
    <wp:meta_value><![CDATA[0]]></wp:meta_value>
  </wp:postmeta>
  <wp:postmeta>
    <wp:meta_key>_menu_item_object_id</wp:meta_key>
    <wp:meta_value><![CDATA[95]]></wp:meta_value>
  </wp:postmeta>
  <wp:postmeta>
    <wp:meta_key>_menu_item_object</wp:meta_key>
    <wp:meta_value><![CDATA[custom]]></wp:meta_value>
  </wp:postmeta>
  <wp:postmeta>
    <wp:meta_key>_menu_item_target</wp:meta_key>
    <wp:meta_value><![CDATA[]]></wp:meta_value>
  </wp:postmeta>
  <wp:postmeta>
    <wp:meta_key>_menu_item_classes</wp:meta_key>
    <wp:meta_value><![CDATA[a:1:{i:0;s:0:"";}]]></wp:meta_value>
  </wp:postmeta>
  <wp:postmeta>
    <wp:meta_key>_menu_item_xfn</wp:meta_key>
    <wp:meta_value><![CDATA[]]></wp:meta_value>
  </wp:postmeta>
  <wp:postmeta>
    <wp:meta_key>_menu_item_url</wp:meta_key>
    <wp:meta_value><![CDATA[#]]></wp:meta_value>
  </wp:postmeta>
  <wp:postmeta>
    <wp:meta_key>_publicize_pending</wp:meta_key>
    <wp:meta_value><![CDATA[1]]></wp:meta_value>
  </wp:postmeta>
  <wp:postmeta>
    <wp:meta_key>_menu_item_content</wp:meta_key>
    <wp:meta_value><![CDATA[]]></wp:meta_value>
  </wp:postmeta>
</item>
  </channel>
</rss>
